1733216402,1315.9,1
1733216418,1315.1,1516
1733216422,1315.8,125
1733216425,1315.3,109
1733216427,1315.4,37
1733216430,1315.4,2
1733216432,1315.1,40
1733216434,1314.6,40
1733216436,1315.1,15
1733216440,1314.6,79
1733216442,1315,86
1733216444,1314.7,19
1733216446,1314.7,8
1733216448,1314.8,28
1733216452,1314.6,41
1733216455,1314.6,2
1733216457,1314.7,16
1733216460,1315.7,293
1733216462,1314.7,194
1733216464,1315.9,38
1733216466,1315.9,23
1733216470,1315.7,38
1733216472,1315.9,272
1733216474,1315.9,22
1733216476,1315.7,178
1733216478,1315.6,1
1733216482,1315.6,75
1733216485,1315.5,11
1733216487,1315.3,7
1733216488,1315.3,43
1733216490,1315.1,2
1733216492,1315.1,10
1733216494,1315.2,1
1733216496,1315.1,67
1733216500,1315.2,64
1733216502,1315.1,29
1733216504,1315.1,5
1733216506,1315.2,2
1733216508,1315.1,71
1733216512,1315,6
1733216515,1315,39
1733216517,1315.1,5
1733216518,1314.9,33
1733216520,1314.9,13
1733216522,1314.7,54
1733216524,1314.6,50
1733216526,1314.9,23
1733216528,1314.9,17
1733216530,1314.5,41
1733216532,1314.6,24
1733216534,1314.4,14
1733216538,1314.4,64
1733216542,1314.2,71
1733216545,1314.4,8
1733216547,1314.4,41
1733216548,1314.4,8
1733216550,1314.4,9
1733216552,1314.4,18
1733216554,1314.5,103
1733216556,1314.6,33
1733216558,1314.6,41
1733216560,1314.6,32
1733216562,1314.7,11
1733216564,1314.6,3
1733216566,1314.6,16
1733216568,1314.6,59
1733216572,1314.5,20
1733216575,1314.5,8
1733216577,1314.5,16
1733216580,1314.5,32
1733216582,1314.3,97
1733216584,1314.4,46
1733216586,1314.4,11
1733216588,1314.2,99
1733216590,1314.2,33
1733216592,1314.1,27
1733216594,1314.3,12
1733216596,1314.2,23
1733216598,1314.2,58
1733216602,1314.2,24
1733216605,1314.2,1
1733216607,1314.1,29
1733216610,1314.2,3
1733216614,1314,18
1733216616,1314.1,11
1733216618,1314,20
1733216620,1314,82
1733216622,1314,14
1733216624,1314.1,6
1733216626,1314,50
1733216628,1314,20
1733216630,1314.1,18
1733216633,1314,6
1733216635,1314.1,17
1733216636,1314.1,5
1733216638,1314.1,5
1733216640,1314.2,13
1733216642,1314.2,121
1733216644,1314.3,6
1733216646,1314.5,28
1733216648,1314.4,5
1733216650,1314.2,89
1733216652,1314.5,75
1733216656,1314.4,2
1733216658,1314.4,13
1733216660,1314.4,1
1733216662,1314.4,22
1733216664,1314.4,9
1733216666,1314.3,8
1733216668,1314.4,12
1733216670,1314.4,31
1733216672,1314.3,10
1733216674,1314.4,14
1733216676,1314.4,16
1733216678,1314.4,2
1733216680,1314.4,13
1733216682,1314.4,1
1733216684,1314.5,3
1733216686,1314.5,2
1733216690,1314.4,1
1733216692,1314.5,8
1733216695,1314.5,14
1733216697,1314.5,5
1733216698,1314.5,61
1733216700,1314.6,13
1733216702,1314.6,34
1733216704,1314.7,5
1733216706,1314.7,19
1733216710,1314.7,7
1733216712,1314.7,10
1733216714,1314.7,15
1733216716,1315,171
1733216718,1314.7,16
1733216720,1314.6,4
1733216722,1314.7,11
1733216725,1314.7,23
1733216727,1314.7,4
1733216730,1314.9,20
1733216732,1314.7,3
1733216734,1314.7,6
1733216736,1314.6,13
1733216738,1314.6,7
1733216742,1314.7,4
1733216744,1314.6,31
1733216746,1314.7,27
1733216748,1314.6,1
1733216750,1314.6,14
1733216752,1314.6,1
1733216755,1314.6,5
1733216757,1314.7,4
1733216758,1314.5,20
1733216760,1314.8,22
1733216762,1314.6,2
1733216764,1314.8,13
1733216766,1314.8,11
1733216768,1314.6,26
1733216770,1315,209
1733216772,1315,14
1733216776,1315,23
1733216778,1315,6
1733216780,1315.1,12
1733216782,1315,1
1733216785,1315.1,34
1733216788,1315,7
1733216790,1315.1,6
1733216792,1315,43
1733216794,1315,30
1733216796,1315.1,48
1733216798,1315.1,45
1733216800,1315.1,5
1733216802,1315.1,2
1733216804,1315.1,5
1733216806,1315.1,12
1733216808,1315,37
1733216810,1315,102
1733216812,1315,17
1733216814,1315,28
1733216816,1314.9,4
1733216818,1314.9,1
1733216820,1314.9,4
1733216822,1314.9,6
1733216824,1315,14
1733216826,1314.9,33
1733216828,1314.9,4
1733216830,1314.8,4
1733216832,1314.9,3
1733216834,1314.8,5
1733216836,1314.9,17
1733216838,1314.9,2
1733216840,1314.7,30
1733216844,1314.7,4
1733216846,1314.6,23
1733216848,1314.6,1
1733216850,1314.6,1
1733216852,1314.6,7
1733216854,1314.6,15
1733216856,1314.6,8
1733216858,1314.6,26
1733216860,1314.5,6
1733216864,1314.6,2
1733216866,1314.6,51
1733216868,1314.4,12
1733216872,1314.5,22
1733216877,1314.5,2
1733216880,1314.5,11
1733216882,1314.5,29
1733216884,1314.5,11
1733216886,1314.5,21
1733216888,1314.5,9
1733216890,1314.7,1
1733216892,1314.5,2
1733216898,1314.5,1
1733216902,1314.5,9
1733216905,1314.4,12
1733216907,1314.5,7
1733216908,1314.4,13
1733216910,1314.4,1
1733216912,1314.4,1
1733216914,1314.5,6
1733216918,1314.5,4
1733216920,1314.5,1
1733216922,1314.5,5
1733216924,1314.5,5
1733216926,1314.5,42
1733216928,1314.5,3
1733216932,1314.5,11
1733216935,1314.6,4
1733216937,1314.6,2
1733216939,1314.5,21
1733216940,1314.6,26
1733216944,1314.6,3
1733216948,1314.6,11
1733216958,1314.6,2
1733216962,1314.6,2
1733216965,1314.6,1
1733216967,1314.6,2
1733216970,1314.6,10
1733216972,1314.7,6
1733216974,1314.6,1
1733216978,1314.7,4
1733216982,1314.6,1
1733216984,1314.6,3
1733216986,1314.7,3
1733216988,1314.7,2
1733216992,1314.6,3
1733216995,1314.6,3
1733217000,1314.5,25
1733217004,1314.7,2
1733217006,1314.8,107
1733217008,1314.6,1
1733217010,1314.8,28
1733217012,1314.7,8
1733217014,1314.7,9
1733217016,1314.8,26
1733217018,1314.8,30
1733217022,1314.8,90
1733217025,1314.9,30
1733217027,1314.9,18
1733217028,1314.9,6
1733217030,1315,18
1733217032,1314.9,4
1733217034,1314.9,1
1733217036,1315,30
1733217042,1315,4
1733217046,1315,10
1733217048,1314.9,6
1733217052,1315,51
1733217055,1314.9,4
1733217057,1314.9,8
1733217058,1315,22
1733217060,1314.7,14
1733217066,1314.9,2
1733217070,1314.7,10
1733217074,1314.9,22
1733217078,1314.9,15
1733217082,1314.9,11
1733217085,1315,6
1733217089,1314.9,10
1733217092,1315,9
1733217094,1315,6
1733217096,1315,6
1733217100,1314.9,4
1733217102,1314.8,11
1733217104,1315,4
1733217106,1314.9,3
1733217108,1314.9,13
1733217112,1315,7
1733217115,1315,3
1733217117,1315,6
1733217120,1315,1
1733217122,1315,20
1733217124,1315,1
1733217126,1315,4
1733217128,1315,5
1733217130,1315,1
1733217132,1315,1
1733217134,1315.1,21
1733217138,1315,13
1733217142,1315,13
1733217145,1315,2
1733217147,1315,1
1733217148,1315,1
1733217150,1315,12
1733217152,1315,5
1733217154,1315.1,15
1733217156,1315.1,4
1733217158,1315,23
1733217160,1315.1,12
1733217162,1315.2,14
1733217164,1315.2,1
1733217166,1315,11
1733217168,1315,3
1733217172,1315,33
1733217177,1315.1,27
1733217178,1315,1
1733217180,1315,1
1733217184,1315.1,3
1733217186,1315.1,12
1733217188,1315.1,6
1733217192,1315.1,20
1733217194,1315.1,35
1733217196,1315.1,13
1733217198,1315.1,11
1733217202,1315.1,43
1733217205,1315.2,36
1733217207,1315,13
1733217212,1315,2
1733217214,1315,2
1733217216,1314.9,10
1733217220,1314.9,1
1733217222,1315,9
1733217226,1314.9,6
1733217228,1314.9,1
1733217232,1315,5
1733217235,1314.9,16
1733217237,1315,2
1733217240,1314.8,1
1733217242,1314.8,10
1733217244,1314.8,2
1733217246,1314.8,21
1733217250,1314.8,1
1733217252,1314.8,30
1733217254,1314.9,1
1733217256,1314.8,10
1733217262,1315,19
1733217265,1315,7
1733217270,1315,1
1733217272,1315,1
1733217274,1314.9,1
1733217276,1315,19
1733217280,1315,11
1733217282,1315,21
1733217286,1315.1,2
1733217288,1315,13
1733217292,1315.2,117
1733217295,1315.2,1
1733217297,1315.2,75
1733217298,1315.3,20
1733217300,1315.3,36
1733217302,1315.2,47
1733217304,1315.3,14
1733217306,1315.4,24
1733217308,1315.4,55
1733217310,1315.4,14
1733217312,1315.3,6
1733217315,1315.5,222
1733217317,1315.4,20
1733217318,1315.5,44
1733217321,1315.3,15
1733217323,1315.5,44
1733217325,1315.4,9
1733217326,1315.5,12
1733217328,1315.5,40
1733217330,1315.5,20
1733217334,1315.5,11
1733217336,1315.5,53
1733217338,1315.5,12
1733217340,1315.5,11
1733217344,1315.4,18
1733217346,1315.3,4
1733217348,1315.4,13
1733217352,1315.4,6
1733217355,1315.4,43
1733217357,1315.4,2
1733217358,1315.5,4
1733217360,1315.5,28
1733217362,1315.5,3
1733217364,1315.4,1
1733217366,1315.6,76
1733217368,1315.5,25
1733217370,1315.6,37
1733217372,1315.6,8
1733217374,1315.6,7
1733217376,1315.5,69
1733217378,1315.5,4
1733217382,1315.5,56
1733217385,1315.3,52
1733217387,1315.3,3
1733217389,1315.4,50
1733217390,1315.3,14
1733217392,1315.3,5
1733217394,1315.3,1
1733217396,1315.2,45
1733217398,1315.2,19
1733217400,1315.2,36
1733217402,1315.2,22
1733217404,1315.3,1
1733217406,1315,40
1733217408,1315,4
1733217412,1315,4
1733217415,1315,13
1733217417,1315,1
1733217418,1315,10
1733217420,1315,5
1733217422,1315,4
1733217424,1315,49
1733217428,1315,4
1733217432,1314.9,3
1733217434,1314.9,30
1733217438,1315,74
1733217440,1315,12
1733217442,1314.9,22
1733217445,1315,22
1733217448,1314.9,43
1733217450,1314.9,24
1733217452,1314.9,3
1733217454,1315,8
1733217456,1314.9,5
1733217458,1315,2
1733217460,1315,15
1733217462,1315,3
1733217464,1315,1
1733217466,1315,19
1733217468,1314.8,2
1733217472,1315,4
1733217475,1314.9,9
1733217477,1314.9,1
1733217478,1314.9,1
1733217480,1315,8
1733217482,1315,65
1733217484,1315.1,11
1733217486,1315.1,6
1733217488,1315.1,9
1733217490,1315.1,28
1733217494,1315,4
1733217496,1315.1,47
1733217498,1314.9,15
1733217502,1314.9,38
1733217505,1314.7,21
1733217507,1314.8,78
1733217509,1314.7,33
1733217510,1314.6,10
1733217512,1314.5,40
1733217514,1314.5,8
1733217516,1314.7,7
1733217518,1314.6,74
1733217520,1314.6,32
1733217522,1314.7,43
1733217526,1314.6,1
1733217528,1314.6,19
1733217532,1314.5,101
1733217535,1314.4,173
1733217537,1314.3,62
1733217539,1314.2,10
1733217540,1314.4,1
1733217542,1314.2,9
1733217544,1314.2,51
1733217546,1314.5,125
1733217548,1314.3,112
1733217550,1314.3,7
1733217552,1314.5,21
1733217554,1314.3,10
1733217556,1314.4,6
1733217558,1314.3,29
1733217562,1314.3,44
1733217565,1314.5,109
1733217567,1314.3,1
1733217568,1314.3,1
1733217570,1314.4,4
1733217572,1314.4,11
1733217574,1314.5,9
1733217576,1314.4,8
1733217578,1314.4,10
1733217580,1314.3,34
1733217582,1314.4,8
1733217584,1314.4,9
1733217586,1314.3,38
1733217588,1314.3,18
1733217592,1314.4,98
1733217595,1314.4,22
1733217597,1314.2,3
1733217600,1314.2,2
1733217602,1314.2,12
1733217604,1314.1,26
1733217606,1314.2,64
1733217608,1314.1,1
1733217610,1314.1,78
1733217612,1314.1,5
1733217614,1314,7
1733217616,1313.9,44
1733217618,1313.9,96
1733217622,1313.7,93
1733217625,1313.9,21
1733217627,1313.9,17
1733217629,1313.8,134
1733217630,1313.7,2
1733217632,1313.7,7
1733217634,1313.5,37
1733217636,1313.6,41
1733217638,1313.5,43
1733217640,1313.6,14
1733217642,1313.7,19
1733217644,1313.7,51
1733217646,1313.7,34
1733217648,1313.7,39
1733217652,1313.7,19
1733217655,1313.8,11
1733217657,1313.7,29
1733217659,1313.8,17
1733217660,1313.8,35
1733217662,1313.8,3
1733217664,1313.9,10
1733217666,1313.9,17
1733217668,1313.9,2
1733217670,1313.9,14
1733217672,1313.9,1
1733217674,1313.9,66
1733217676,1313.9,35
1733217678,1314,2
1733217682,1314.2,24
1733217685,1314.2,77
1733217687,1314.2,20
1733217689,1314.2,3
1733217690,1314.2,6
1733217692,1314.1,9
1733217694,1314.2,6
1733217696,1314.1,2
1733217698,1314,31
1733217700,1314,16
1733217702,1313.9,11
1733217704,1313.9,27
1733217706,1313.9,3
1733217708,1313.9,7
1733217712,1313.9,18
1733217715,1313.9,10
1733217717,1313.9,12
1733217719,1313.9,3
1733217722,1313.9,5
1733217724,1313.8,2
1733217726,1313.9,37
1733217728,1313.9,9
1733217730,1313.9,5
1733217732,1313.9,7
1733217734,1314,28
1733217736,1313.9,2
1733217738,1314,40
1733217742,1314,5
1733217745,1313.9,8
1733217747,1314,26
1733217749,1313.9,1
1733217751,1314,8
1733217754,1313.9,4
1733217756,1314,10
1733217758,1314,7
1733217760,1314,16
1733217762,1313.9,1
1733217764,1314,19
1733217766,1314,6
1733217768,1313.9,3
1733217772,1314,30
1733217775,1313.9,19
1733217780,1313.8,73
1733217784,1313.9,84
1733217790,1313.8,44
1733217794,1313.7,31
1733217798,1313.5,144
1733217802,1313.5,127
1733217805,1313.4,161
1733217807,1313.3,18
1733217809,1313.3,44
1733217810,1313.4,19
1733217812,1313.4,20
1733217814,1313.3,22
1733217816,1313.5,35
1733217818,1313.5,102
1733217820,1313.5,9
1733217822,1313.5,1
1733217824,1313.5,13
1733217826,1313.5,26
1733217828,1313.5,1
1733217832,1313.4,77
1733217835,1313.6,34
1733217837,1313.5,36
1733217839,1313.5,3
1733217840,1313.5,7
1733217842,1313.5,6
1733217844,1313.5,6
1733217846,1313.4,23
1733217848,1313.4,53
1733217850,1313.4,65
1733217852,1313.3,36
1733217854,1313.4,12
1733217856,1313.3,22
1733217858,1313.2,78
1733217862,1313.2,150
1733217865,1313.3,39
1733217867,1313.3,5
1733217869,1313.3,21
1733217870,1313.4,10
1733217872,1313.3,85
1733217874,1313.4,4
1733217876,1313.4,32
1733217878,1313.4,13
1733217880,1313.4,1
1733217882,1313.2,28
1733217884,1313.2,27
1733217886,1313.2,9
1733217888,1313.1,21
1733217892,1313.1,110
1733217895,1313.4,29
1733217897,1313.4,1
1733217899,1313.3,3
1733217901,1313.4,12
1733217902,1313.4,18
1733217904,1313.4,5
1733217906,1313.5,41
1733217908,1313.4,4
1733217910,1313.5,60
1733217912,1313.5,14
1733217914,1313.6,64
1733217916,1313.6,7
1733217918,1313.6,34
1733217922,1313.8,48
1733217925,1313.7,28
1733217927,1313.6,51
1733217930,1313.6,23
1733217932,1313.8,8
1733217936,1313.7,2
1733217938,1313.6,7
1733217940,1313.7,2
1733217942,1313.8,13
1733217944,1313.6,11
1733217946,1313.6,3
1733217948,1313.8,12
1733217952,1313.7,4
1733217955,1313.8,54
1733217957,1313.9,58
1733217959,1314,2
1733217960,1314,1
1733217962,1314,2
1733217964,1314.1,90
1733217966,1314,14
1733217968,1314,3
1733217970,1314.1,13
1733217972,1314.1,17
1733217974,1314.1,4
1733217976,1314.1,2
1733217982,1314.1,33
1733217985,1314,61
1733217987,1314,12
1733217989,1313.9,1
1733217991,1313.9,7
1733217993,1314,1
1733217994,1313.9,15
1733217996,1314,18
1733217998,1313.9,12
1733218004,1313.8,4
1733218006,1313.9,13
1733218008,1313.9,1
1733218012,1313.9,4
1733218015,1314,2
1733218017,1313.9,12
1733218019,1313.9,1
1733218023,1313.8,1
1733218026,1313.8,5
1733218028,1313.9,4
1733218030,1313.9,4
1733218032,1313.8,29
1733218034,1313.9,10
1733218036,1313.9,16
1733218038,1313.9,6
1733218042,1313.9,141
1733218045,1314,16
1733218047,1314,3
1733218049,1313.9,13
1733218051,1314,27
1733218053,1313.9,2
1733218054,1314,5
1733218056,1313.9,2
1733218058,1314,5
1733218060,1314,4
1733218064,1314,5
1733218068,1313.9,12
1733218072,1313.9,13
1733218075,1313.9,29
1733218079,1313.9,7
1733218081,1313.8,7
1733218083,1313.9,10
1733218084,1313.9,8
1733218086,1313.9,1
1733218088,1314,1
1733218090,1314,14
1733218092,1314,4
1733218094,1314,223
1733218096,1314,2
1733218098,1314.2,44
1733218102,1314.3,21
1733218105,1314.2,80
1733218107,1314.4,18
1733218109,1314.3,1
1733218112,1314.4,39
1733218114,1314.4,12
1733218116,1314.5,6
1733218118,1314.4,2
1733218120,1314.5,11
1733218124,1314.3,18
1733218128,1314.4,39
1733218132,1314.5,11
1733218135,1314.3,22
1733218139,1314.2,2
1733218142,1314.2,23
1733218146,1314.2,94
1733218150,1314.2,27
1733218156,1314.2,22
1733218162,1314.3,76
1733218165,1314.3,6
1733218167,1314.4,7
1733218169,1314.4,5
1733218171,1314.4,2
1733218173,1314.5,1
1733218174,1314.4,15
1733218178,1314.5,8
1733218180,1314.3,2
1733218182,1314.4,37
1733218184,1314.3,1
1733218186,1314.5,43
1733218188,1314.6,43
1733218192,1314.8,55
1733218195,1314.8,17
1733218197,1314.7,112
1733218199,1314.8,26
1733218201,1314.6,22
1733218202,1314.6,73
1733218204,1314.7,7
1733218206,1314.7,11
1733218208,1314.6,66
1733218210,1314.7,26
1733218212,1314.7,2
1733218214,1314.7,9
1733218216,1314.6,1
1733218218,1314.8,118
1733218222,1314.8,53
1733218225,1314.8,8
1733218228,1314.9,46
1733218229,1314.8,38
1733218231,1314.8,28
1733218232,1314.8,20
1733218234,1314.9,30
1733218238,1314.8,146
1733218240,1314.8,6
1733218242,1314.7,11
1733218246,1314.7,5
1733218252,1314.5,36
1733218255,1314.6,34
1733218259,1314.5,40
1733218264,1314.5,35
1733218268,1314.4,20
1733218272,1314.3,43
1733218276,1314.3,44
1733218282,1314.4,47
1733218285,1314.4,21
1733218288,1314.3,20
1733218289,1314.3,1
1733218291,1314.3,1
1733218294,1314.3,30
1733218296,1314.2,36
1733218298,1314.2,9
1733218300,1314.1,32
1733218302,1314.1,11
1733218304,1314,23
1733218306,1313.7,133
1733218308,1313.9,11
1733218312,1313.8,20
1733218315,1313.9,7
1733218317,1313.9,10
1733218319,1314,12
1733218321,1313.9,6
1733218322,1313.9,16
1733218324,1314,9
1733218326,1313.8,16
1733218328,1313.9,4
1733218330,1313.9,7
1733218332,1313.9,1
1733218334,1313.9,9
1733218336,1314,17
1733218338,1314,9
1733218342,1314,18
1733218346,1313.9,31
1733218348,1314,11
1733218351,1314,3
1733218353,1313.9,19
1733218355,1314.1,15
1733218357,1313.9,1
1733218360,1313.9,13
1733218362,1314,6
1733218364,1314,5
1733218366,1313.9,53
1733218372,1313.9,33
1733218375,1313.9,11
1733218381,1313.9,8
1733218386,1313.9,140
1733218388,1314,8
1733218392,1314.1,10
1733218396,1314,19
1733218398,1314,28
1733218402,1313.9,53
1733218405,1313.9,28
1733218407,1314.1,52
1733218409,1314,15
1733218412,1313.9,8
1733218414,1313.9,41
1733218416,1313.8,75
1733218418,1313.7,7
1733218420,1313.7,53
1733218422,1313.8,3
1733218424,1313.6,43
1733218428,1313.6,9
1733218432,1313.6,43
1733218435,1313.6,5
1733218437,1313.6,1
1733218441,1313.5,4
1733218442,1313.5,19
1733218444,1313.5,2
1733218446,1313.5,22
1733218451,1313.6,29
1733218452,1313.5,23
1733218454,1313.5,13
1733218456,1313.6,34
1733218458,1313.5,1
1733218462,1313.5,9
1733218465,1313.5,14
1733218469,1313.6,5
1733218470,1313.5,2
1733218472,1313.5,7
1733218474,1313.5,17
1733218476,1313.5,14
1733218478,1313.6,39
1733218481,1313.6,2
1733218484,1313.6,3
1733218486,1313.6,6
1733218488,1313.6,1
1733218492,1313.6,3
1733218495,1313.6,6
1733218498,1313.6,16
1733218499,1313.5,53
1733218501,1313.5,2
1733218503,1313.5,51
1733218504,1313.3,1
1733218506,1313.2,68
1733218508,1313.2,74
1733218510,1313.2,13
1733218512,1313.3,24
1733218514,1313.2,30
1733218516,1313.5,35
1733218518,1313.2,22
1733218522,1313.5,43
1733218525,1313.5,5
1733218528,1313.4,3
1733218529,1313.4,2
1733218531,1313.5,10
1733218532,1313.3,23
1733218536,1313.5,1
1733218538,1313.4,23
1733218540,1313.4,76
1733218544,1313.4,59
1733218546,1313.4,1
1733218548,1313.4,5
1733218552,1313.3,22
1733218555,1313.3,20
1733218558,1313.4,1
1733218561,1313.5,77
1733218563,1313.5,7
1733218565,1313.3,13
1733218566,1313.4,1
1733218569,1313.4,2
1733218571,1313.4,11
1733218572,1313.3,1
1733218574,1313.3,6
1733218576,1313.3,3
1733218578,1313.3,11
1733218582,1313.3,13
1733218586,1313.4,60
1733218588,1313.3,10
1733218591,1313.2,44
1733218592,1313.4,1
1733218594,1313.4,4
1733218596,1313.5,121
1733218598,1313.6,1
1733218601,1313.4,32
1733218606,1313.4,2
1733218612,1313.4,33
1733218618,1313.4,51
1733218622,1313.3,34
1733218626,1313.2,32
1733218631,1313.3,29
1733218636,1313.1,120
1733218638,1313.1,44
1733218642,1313,161
1733218646,1313,77
1733218648,1312.9,90
1733218650,1313.2,65
1733218651,1313.2,159
1733218653,1312.8,9
1733218655,1312.9,1
1733218657,1312.8,8
1733218659,1312.9,6
1733218661,1312.8,2
1733218662,1312.8,23
1733218664,1312.8,5
1733218666,1312.9,20
1733218668,1312.8,10
1733218672,1312.9,106
1733218676,1313,9
1733218678,1312.9,29
1733218680,1312.7,142
1733218681,1313,13
1733218683,1312.6,17
1733218685,1312.7,13
1733218687,1312.7,50
1733218691,1312.7,101
1733218693,1312.6,13
1733218696,1312.5,89
1733218698,1312.7,13
1733218700,1312.6,41
1733218702,1312.7,61
1733218704,1312.7,112
1733218706,1312.7,43
1733218709,1312.6,37
1733218711,1312.7,13
1733218713,1312.7,19
1733218716,1312.7,10
1733218718,1312.8,9
1733218721,1312.7,105
1733218722,1312.7,8
1733218724,1312.7,65
1733218726,1312.7,1
1733218728,1312.7,13
1733218732,1312.6,41
1733218736,1312.7,62
1733218739,1312.6,3
1733218743,1312.7,10
1733218747,1312.6,35
1733218751,1312.6,42
1733218756,1312.7,13
1733218762,1312.5,23
1733218766,1312.5,17
1733218768,1312.7,15
1733218771,1312.4,69
1733218773,1312.2,81
1733218775,1312.4,11
1733218777,1312.2,39
1733218781,1312.2,43
1733218783,1312.2,215
1733218785,1312.2,10
1733218786,1312.2,14
1733218788,1312,3
1733218792,1312,183
1733218796,1312.2,47
1733218798,1312,61
1733218800,1312,71
1733218802,1312.2,36
1733218804,1312.1,18
1733218805,1312.2,49
1733218807,1312,49
1733218811,1312.2,60
1733218812,1312.5,89
1733218814,1312.2,30
1733218816,1312,75
1733218818,1312.2,27
1733218822,1312,142
1733218826,1312,17
1733218828,1311.9,10
1733218832,1312,42
1733218836,1311.8,71
1733218841,1311.8,50
1733218846,1311.6,166
1733218852,1311.8,68
1733218856,1311.9,117
1733218858,1311.8,7
1733218861,1311.9,134
1733218867,1311.5,314
1733218869,1311.9,18
1733218871,1311.5,51
1733218876,1311.7,21
1733218882,1311.5,29
1733218886,1311.7,22
1733218888,1311.7,14
1733218891,1311.8,73
1733218897,1311.8,36
1733218901,1311.8,15
1733218902,1311.8,65
1733218904,1311.9,5
1733218906,1311.8,1
1733218908,1311.8,4
1733218912,1311.8,17
1733218916,1311.9,18
1733218918,1311.8,38
1733218921,1311.9,16
1733218923,1311.8,15
1733218925,1311.6,66
1733218927,1311.5,39
1733218931,1311.7,40
1733218932,1311.5,20
1733218934,1311.5,1
1733218938,1311.4,84
1733218941,1311.3,56
1733218946,1311.5,64
1733218948,1311.6,39
1733218950,1311.4,3
1733218952,1311.5,5
1733218954,1311.6,11
1733218956,1311.2,27
1733218958,1311.3,12
1733218961,1311.1,51
1733218963,1311.5,23
1733218964,1311.1,36
1733218966,1311.1,29
1733218968,1311.4,16
1733218972,1311.3,37
1733218976,1311.3,35
1733218978,1311.3,61
1733218980,1311.4,9
1733218982,1311.3,75
1733218984,1311.3,25
1733218986,1311.3,19
1733218988,1311.4,12
1733218991,1311.3,47
1733218993,1311.4,24
1733218995,1311.4,13
1733218997,1311.5,40
1733218999,1311.4,8
1733219002,1311.3,93
1733219006,1311.6,83
1733219008,1311.3,84
1733219010,1311.3,7
1733219012,1311.3,11
1733219014,1311.3,9
1733219018,1311.4,16
1733219021,1311.4,12
1733219023,1311.4,4
1733219025,1311.3,45
1733219026,1311.3,17
1733219028,1311.3,41
1733219032,1311.3,40
1733219036,1311.3,32
1733219038,1311.2,1
1733219040,1311.1,92
1733219042,1311.1,137
1733219044,1311,54
1733219046,1311,117
1733219048,1310.9,118
1733219051,1310.9,15
1733219052,1310.7,46
1733219054,1310.9,11
1733219056,1310.7,126
1733219058,1310.9,46
1733219062,1310.9,6
1733219066,1310.7,55
1733219068,1310.8,18
1733219070,1310.8,23
1733219072,1310.7,84
1733219074,1310.7,63
1733219078,1310.6,7
1733219081,1310.6,80
1733219088,1310.6,101
1733219092,1310.6,92
1733219096,1310.6,25
1733219102,1310.6,207
1733219108,1310.4,198
1733219114,1310.4,170
1733219116,1310.4,124
1733219118,1310.6,20
1733219122,1310.5,60
1733219126,1310.6,100
1733219128,1310.5,12
1733219130,1310.4,46
1733219132,1310.6,48
1733219134,1310.3,69
1733219136,1310.4,66
1733219138,1310.3,31
1733219141,1310.4,46
1733219142,1310.4,169
1733219144,1310.2,14
1733219146,1310.3,26
1733219148,1310.3,9
1733219152,1310.2,87
1733219156,1310,255
1733219158,1310.3,63
1733219160,1310,138
1733219162,1310,47
1733219164,1309.9,40
1733219166,1309.9,13
1733219168,1309.8,77
1733219171,1310,97
1733219174,1309.7,40
1733219176,1309.9,111
1733219178,1309.8,8
1733219182,1310.1,196
1733219186,1310.2,57
1733219188,1310.1,21
1733219190,1310.3,30
1733219192,1310.2,8
1733219194,1310.3,31
1733219196,1310.2,21
1733219198,1310.2,8
1733219201,1310.3,89
1733219203,1310.4,8
1733219204,1310.4,6
1733219206,1310.4,57
1733219208,1310.6,63
1733219212,1310.6,36
1733219216,1310.4,31
1733219218,1310.4,37
1733219220,1310.6,17
1733219222,1310.4,23
1733219224,1310.4,20
1733219226,1310.4,19
1733219228,1310.5,3
1733219231,1310.4,9
1733219232,1310.5,13
1733219234,1310.5,7
1733219238,1310.5,46
1733219242,1310.5,33
1733219246,1310.6,24
1733219248,1310.6,61
1733219250,1310.5,84
1733219252,1310.6,1
1733219254,1310.6,13
1733219256,1310.6,58
1733219258,1310.5,1
1733219261,1310.6,16
1733219263,1310.5,27
1733219265,1310.5,19
1733219266,1310.5,1
1733219268,1310.6,4
1733219272,1310.6,19
1733219276,1310.6,4
1733219278,1310.5,2
1733219280,1310.5,24
1733219282,1310.5,6
1733219284,1310.4,10
1733219286,1310.4,6
1733219288,1310.5,35
1733219291,1310.4,65
1733219292,1310.5,1
1733219294,1310.5,38
1733219296,1310.5,7
1733219298,1310.4,47
1733219302,1310.4,27
1733219306,1310.4,43
1733219308,1310.4,1
1733219310,1310.3,41
1733219312,1310.1,13
1733219314,1310.1,57
1733219316,1310,6
1733219318,1310,29
1733219321,1310,33
1733219323,1310,37
1733219325,1310,31
1733219326,1310,13
1733219328,1309.9,154
1733219332,1310,9
1733219336,1310,10
1733219338,1309.8,31
1733219340,1310,11
1733219342,1310,2
1733219344,1310,41
1733219346,1310,42
1733219348,1310,20
1733219350,1310,21
1733219352,1310.1,34
1733219354,1310.1,23
1733219356,1310.1,23
1733219358,1310.2,66
1733219361,1310.2,44
1733219363,1310.2,17
1733219365,1310.2,20
1733219367,1310.3,12
1733219368,1310.3,1
1733219372,1310.4,38
1733219374,1310.4,5
1733219376,1310.4,50
1733219378,1310.6,16
1733219380,1310.8,84
1733219382,1310.5,18
1733219384,1310.7,16
1733219386,1310.4,17
1733219388,1310.5,57
1733219391,1310.4,78
1733219393,1310.5,13
1733219395,1310.5,4
1733219396,1310.6,10
1733219398,1310.7,9
1733219400,1310.6,2
1733219402,1310.6,98
1733219404,1310.4,26
1733219406,1310.6,26
1733219408,1310.5,11
1733219410,1310.6,11
1733219412,1310.6,31
1733219414,1310.6,15
1733219416,1310.7,33
1733219418,1310.7,21
1733219421,1310.7,11
1733219423,1310.8,45
1733219425,1310.6,20
1733219427,1310.7,3
1733219428,1310.8,29
1733219430,1310.8,37
1733219432,1310.9,5
1733219434,1310.8,14
1733219436,1310.7,30
1733219438,1310.6,27
1733219440,1310.8,18
1733219442,1310.6,10
1733219444,1310.8,1
1733219446,1310.8,1
1733219448,1310.7,22
1733219451,1310.6,24
1733219453,1310.7,28
1733219455,1310.6,8
1733219457,1310.6,61
1733219459,1310.6,22
1733219461,1310.6,20
1733219463,1310.5,17
1733219465,1310.6,4
1733219467,1310.5,3
1733219469,1310.5,38
1733219472,1310.5,10
1733219474,1310.5,4
1733219476,1310.5,12
1733219478,1310.5,6
1733219481,1310.5,11
1733219483,1310.5,52
1733219485,1310.5,6
1733219486,1310.4,6
1733219488,1310.5,1
1733219490,1310.5,19
1733219492,1310.4,6
1733219494,1310.5,5
1733219496,1310.3,27
1733219499,1310.3,1
1733219501,1310.3,1
1733219502,1310.3,8
1733219504,1310.2,19
1733219506,1310.2,12
1733219511,1310.2,2
1733219515,1310.2,1
1733219518,1310.3,1
1733219520,1310.2,36
1733219522,1310.2,24
1733219526,1310.4,34
1733219528,1310.4,1
1733219530,1310.2,51
1733219532,1310.3,2
1733219534,1310.2,23
1733219536,1310.4,3
1733219538,1310.4,2
1733219541,1310.3,6
1733219543,1310.3,21
1733219545,1310.4,6
1733219547,1310.4,52
1733219548,1310.4,2
1733219550,1310.4,1
1733219552,1310.2,18
1733219556,1310.4,2
1733219562,1310.4,12
1733219566,1310.4,2
1733219568,1310.4,9
1733219573,1310.5,2
1733219575,1310.5,7
1733219576,1310.4,11
1733219578,1310.4,3
1733219580,1310.4,1
1733219582,1310.4,21
1733219584,1310.4,8
1733219586,1310.4,3
1733219588,1310.4,15
1733219590,1310.4,26
1733219594,1310.4,15
1733219598,1310.5,67
1733219601,1310.5,19
1733219603,1310.6,16
1733219605,1310.6,24
1733219607,1310.7,17
1733219610,1310.8,68
1733219612,1310.7,1
1733219614,1310.7,12
1733219616,1310.8,13
1733219618,1310.8,23
1733219620,1310.7,2
1733219622,1310.8,8
1733219624,1310.8,5
1733219626,1310.9,32
1733219628,1310.8,35
1733219631,1310.8,31
1733219633,1310.8,35
1733219635,1310.9,5
1733219637,1310.8,65
1733219638,1310.9,5
1733219640,1310.9,11
1733219642,1310.8,39
1733219644,1310.9,6
1733219646,1311,2
1733219648,1310.8,6
1733219650,1310.9,15
1733219652,1311,21
1733219654,1311,1
1733219656,1310.9,5
1733219658,1311,5
1733219661,1311,112
1733219663,1310.9,27
1733219665,1311,10
1733219667,1311,63
1733219669,1311,27
1733219670,1310.9,57
1733219672,1311,17
1733219674,1311,66
1733219676,1311,61
1733219678,1311,22
1733219680,1311,24
1733219682,1311,20
1733219684,1310.8,57
1733219686,1310.9,7
1733219688,1310.9,56
1733219691,1310.8,45
1733219694,1310.9,1
1733219696,1310.8,20
1733219698,1310.8,16
1733219700,1310.9,5
1733219702,1310.8,4
1733219704,1310.7,29
1733219706,1310.8,1
1733219708,1310.7,3
1733219710,1310.8,6
1733219712,1310.8,42
1733219714,1310.7,2
1733219716,1310.7,1
1733219718,1310.8,43
1733219721,1310.8,87
1733219723,1310.6,4
1733219725,1310.6,21
1733219727,1310.7,1
1733219729,1310.8,18
1733219730,1310.7,22
1733219732,1310.6,3
1733219734,1310.6,5
1733219736,1310.6,159
1733219738,1310.7,4
1733219740,1310.7,1
1733219742,1310.7,40
1733219744,1310.9,27
1733219746,1310.9,3
1733219748,1310.7,2
1733219751,1311,47
1733219755,1310.9,8
1733219757,1310.8,52
1733219759,1311,61
1733219760,1310.9,1
1733219762,1311,25
1733219764,1311,16
1733219766,1311,2
1733219768,1311,18
1733219770,1310.9,29
1733219772,1310.9,78
1733219774,1311,41
1733219776,1311,2
1733219778,1310.9,13
1733219781,1311,5
1733219785,1311,7
1733219787,1311,11
1733219789,1311,63
1733219790,1310.9,1
1733219792,1311,3
1733219794,1310.9,27
1733219796,1310.9,12
1733219798,1310.7,73
1733219800,1311,22
1733219802,1310.8,4
1733219804,1310.8,18
1733219806,1310.8,23
1733219808,1310.8,7
1733219811,1310.8,1
1733219813,1310.9,13
1733219818,1310.9,12
1733219820,1311,6
1733219824,1311,2
1733219826,1311,6
1733219828,1311,1
1733219830,1310.8,22
1733219832,1310.8,7
1733219834,1311,103
1733219836,1311,100
1733219838,1310.9,9
1733219841,1310.9,24
1733219843,1311.1,17
1733219845,1311.1,1
1733219847,1311,102
1733219850,1311.2,16
1733219852,1311.1,56
1733219854,1311.1,30
1733219856,1311.1,1
1733219858,1311.1,6
1733219860,1311.1,11
1733219862,1311,21
1733219864,1311.1,6
1733219866,1311.1,2
1733219868,1311.1,38
1733219871,1311.3,122
1733219873,1311.3,13
1733219875,1311.3,33
1733219877,1311.4,18
1733219879,1311.3,26
1733219880,1311.4,1
1733219882,1311.3,36
1733219884,1311.4,185
1733219886,1311.3,76
1733219888,1311.2,11
1733219891,1311.3,155
1733219893,1311.3,4
1733219895,1311.3,4
1733219896,1311.4,17
1733219898,1311.4,5
1733219901,1311.3,234
1733219903,1311.3,35
1733219905,1311.4,80
1733219907,1311.3,12
1733219909,1311.3,14
1733219910,1311.1,10
1733219912,1311.1,32
1733219916,1311.3,35
1733219918,1311.3,49
1733219922,1311.3,34
1733219924,1311.3,36
1733219926,1311.3,1
1733219931,1311.3,71
1733219933,1311.2,31
1733219940,1311.2,9
1733219942,1311.2,179
1733219944,1311.2,6
1733219946,1311.2,3
1733219950,1311.2,37
1733219954,1311.2,6
1733219958,1311,28
1733219961,1310.9,86
1733219965,1310.9,68
1733219969,1310.8,21
1733219972,1310.9,10
1733219976,1310.9,87
1733219980,1310.8,20
1733219984,1310.9,8
1733219988,1310.9,40
1733219991,1310.9,26
1733219995,1311,15
1733219999,1310.7,30
1733220001,1311,236
1733220003,1311.1,9
1733220005,1311.2,116
1733220009,1311,6
1733220011,1311,21
1733220015,1310.9,26
1733220019,1310.9,60
1733220025,1310.6,258
1733220029,1310.8,35
1733220031,1310.6,21
1733220033,1310.6,4
1733220035,1310.7,11
1733220039,1310.8,16
1733220041,1310.5,92
1733220043,1310.5,17
1733220044,1310.5,27
1733220046,1310.3,7
1733220048,1310.1,77
1733220051,1310.2,48
1733220053,1310,116
1733220055,1310,18
1733220057,1310.1,27
1733220060,1310,8
1733220062,1310,2
1733220064,1310,46
1733220066,1310,127
1733220069,1310.1,13
1733220072,1310,53
1733220074,1310,79
1733220076,1309.8,3
1733220082,1310,8
1733220084,1309.9,21
1733220089,1310,99
1733220094,1310,45
1733220099,1310,15
1733220103,1310,80
1733220106,1310,21
1733220112,1310,64
1733220114,1310.1,19
1733220116,1310.1,14
1733220119,1310.2,2
1733220121,1310.1,12
1733220123,1310.2,41
1733220125,1310.2,14
1733220129,1310.2,21
1733220131,1310.1,21
1733220133,1310.2,9
1733220136,1310.2,9
1733220139,1310.1,6
1733220141,1310.3,11
1733220143,1310.3,1
1733220145,1310.3,2
1733220147,1310.3,13
1733220149,1310.2,6
1733220151,1310.2,26
1733220155,1310.4,3
1733220157,1310.3,16
1733220159,1310.4,14
1733220162,1310.4,56
1733220164,1310.3,13
1733220166,1310.4,1
1733220168,1310.3,5
1733220171,1310.4,12
1733220174,1310.3,1
1733220177,1310.4,2
1733220179,1310.4,3
1733220181,1310.3,2
1733220183,1310.4,2
1733220185,1310.3,27
1733220189,1310.3,62
1733220192,1310.3,4
1733220194,1310.2,8
1733220196,1310.3,1
1733220198,1310.3,5
1733220201,1310.3,13
1733220204,1310.2,2
1733220206,1310.3,10
1733220210,1310.3,3
1733220215,1310.2,15
1733220219,1310.3,11
1733220223,1310.3,42
1733220227,1310.2,15
1733220229,1310.3,34
1733220231,1310.3,11
1733220233,1310.3,14
1733220235,1310.3,5
1733220239,1310.3,2
1733220241,1310.3,9
1733220243,1310.3,12
1733220251,1310.3,3
1733220253,1310.2,1
1733220255,1310.3,1
1733220257,1310.2,2
1733220259,1310.2,7
1733220261,1310.2,10
1733220264,1310.2,20
1733220266,1310.2,4
1733220268,1310.2,7
1733220270,1310.3,21
1733220272,1310.2,6
1733220274,1310.2,1
1733220276,1310.2,34
1733220278,1310.2,1
1733220281,1310.3,25
1733220283,1310.3,13
1733220285,1310.1,20
1733220287,1310.3,1
1733220290,1310.3,3
1733220292,1310.2,2
1733220294,1310.2,31
1733220296,1310.2,2
1733220300,1310.2,7
1733220304,1310.3,5
1733220308,1310.2,44
1733220312,1310.3,48
1733220314,1310.4,17
1733220316,1310.2,20
1733220321,1310.2,11
1733220325,1310.2,7
1733220327,1310.3,15
1733220331,1310.3,4
1733220336,1310.2,1
1733220339,1310.3,5
1733220343,1310.3,8
1733220347,1310.3,17
1733220350,1310.4,13
1733220356,1310.4,37
1733220358,1310.4,44
1733220360,1310.2,57
1733220362,1310.2,37
1733220366,1310.2,17
1733220371,1310.1,54
1733220373,1310.1,39
1733220375,1310.4,1
1733220377,1310.1,4
1733220379,1310,88
1733220381,1310,27
1733220386,1310,1
1733220388,1310,84
1733220390,1310,1
1733220392,1310,28
1733220394,1310.1,44
1733220396,1309.9,50
1733220399,1310,26
1733220401,1309.9,24
1733220403,1309.7,115
1733220406,1309.9,2
1733220408,1309.8,6
1733220410,1309.7,78
1733220412,1309.8,5
1733220414,1309.8,6
1733220416,1309.9,120
1733220418,1309.9,8
1733220421,1309.7,14
1733220422,1309.7,12
1733220425,1310,114
1733220427,1309.9,113
1733220429,1310,53
1733220431,1309.9,28
1733220433,1310,59
1733220435,1309.9,11
1733220437,1309.7,4
1733220439,1309.8,2
1733220442,1309.8,21
1733220445,1309.8,18
1733220447,1309.8,24
1733220449,1309.8,4
1733220451,1309.8,2
1733220453,1309.8,54
1733220455,1309.8,18
1733220457,1309.7,23
1733220459,1309.8,19
1733220461,1309.7,11
1733220463,1309.7,1
1733220465,1309.6,9
1733220467,1309.7,2
1733220469,1309.7,10
1733220471,1309.6,122
1733220473,1309.6,31
1733220476,1309.5,183
1733220478,1309.5,5
1733220480,1309.4,35
1733220482,1309.3,62
1733220484,1309.4,64
1733220486,1309.4,268
1733220489,1309,74
1733220492,1309.2,41
1733220494,1309.1,140
1733220496,1308.8,61
1733220498,1306.9,1433
1733220500,1306.8,134
1733220502,1306.4,639
1733220504,1306.8,120
1733220506,1306.4,107
1733220508,1306.5,33
1733220510,1306.6,110
1733220513,1307,208
1733220515,1306.8,113
1733220517,1307,339
1733220519,1307,152
1733220521,1307,38
1733220523,1306.8,208
1733220525,1307,126
1733220527,1307,56
1733220530,1306.9,144
1733220534,1307,135
1733220536,1307,68
1733220538,1307,111
1733220540,1307,177
1733220542,1307,140
1733220546,1307.2,115
1733220549,1307.2,93
1733220551,1307,24
1733220554,1307.1,21
1733220556,1307.2,126
1733220558,1307.2,46
1733220561,1307.2,42
1733220564,1307.2,173
1733220566,1307.2,38
1733220569,1307.4,15
1733220571,1307.2,6
1733220573,1307.5,79
1733220575,1307.3,16
1733220579,1307.4,29
1733220581,1307.4,83
1733220583,1307.3,24
1733220585,1307.4,16
1733220588,1307.3,110
1733220590,1307.2,12
1733220594,1307.2,242
1733220596,1307.2,113
1733220598,1307,13
1733220600,1307.1,19
1733220603,1307.2,184
1733220605,1307,76
1733220609,1307.1,111
1733220611,1307.1,23
1733220613,1307.1,68
1733220616,1307,66
1733220620,1307,30
1733220622,1307,26
1733220625,1307,119
1733220627,1306.8,13
1733220634,1306.6,161
1733220640,1306.3,287
1733220646,1306.6,179
1733220650,1306.3,221
1733220659,1306.2,450
1733220665,1306.2,165
1733220669,1306.1,217
1733220673,1306.2,42
1733220677,1306,179
1733220682,1306.1,156
1733220685,1305.9,96
1733220687,1306,27
1733220689,1306,150
1733220692,1306.1,77
1733220694,1305.9,60
1733220699,1305.8,197
1733220701,1305.7,5
1733220703,1305.7,91
1733220706,1305.8,8
1733220708,1305.7,71
1733220710,1305.6,82
1733220714,1305.7,135
1733220717,1305.6,28
1733220719,1305.5,8
1733220722,1305.6,24
1733220724,1305.6,72
1733220726,1305.6,125
1733220729,1305.6,52
1733220731,1305.5,21
1733220733,1305.5,57
1733220735,1305.4,66
1733220737,1305.6,107
1733220740,1305.5,8
1733220744,1306,191
1733220746,1306,70
1733220748,1306,7
1733220750,1306,58
1733220753,1306,4
1733220755,1306,68
1733220759,1306.1,83
1733220761,1306,16
1733220763,1306.1,12
1733220765,1306,50
1733220768,1306,21
1733220770,1306,57
1733220774,1305.9,36
1733220776,1305.9,4
1733220783,1306,31
1733220787,1306,318
1733220792,1305.9,34
1733220796,1306,38
1733220798,1306,28
1733220802,1305.8,36
1733220804,1305.8,9
1733220807,1305.8,9
1733220809,1305.8,16
1733220811,1305.9,1
1733220813,1305.9,7
1733220816,1305.9,18
1733220820,1306,59
1733220822,1306,8
1733220824,1306.2,122
1733220826,1306.1,6
1733220829,1306.3,99
1733220832,1306.2,87
1733220835,1306.4,56
1733220837,1306.4,2
1733220839,1306.5,56
1733220842,1306.6,58
1733220844,1306.6,15
1733220847,1306.6,60
1733220850,1306.6,48
1733220852,1306.5,61
1733220854,1306.5,68
1733220857,1306.4,6
1733220859,1306.3,74
1733220865,1306,52
1733220867,1306.3,3
1733220869,1306.1,2
1733220872,1306.1,2
1733220875,1306.1,38
1733220879,1306,31
1733220881,1306.1,14
1733220885,1306,18
1733220890,1306,40
1733220894,1306,69
1733220899,1305.9,81
1733220903,1305.8,88
1733220910,1306,19
1733220912,1305.5,164
1733220914,1305.7,5
1733220916,1305.5,46
1733220919,1305.7,81
1733220922,1305.6,24
1733220925,1305.7,19
1733220929,1305.7,35
1733220931,1305.8,198
1733220934,1305.9,48
1733220936,1306.1,59
1733220940,1306.2,81
1733220942,1306,20
1733220944,1306.2,22
1733220946,1306.1,36
1733220949,1306.1,6
1733220952,1306.1,7
1733220955,1306.1,59
1733220957,1306.1,2
1733220959,1306.2,3
1733220962,1306.1,43
1733220964,1306.1,10
1733220966,1306.1,50
1733220968,1306,26
1733220970,1306.1,10
1733220972,1306.1,7
1733220974,1306.1,15
1733220977,1306.1,8
1733220979,1306.1,2
1733220982,1306.1,18
1733220985,1306.1,2
1733220987,1306.1,4
1733220989,1306.3,60
1733220991,1306.3,1
1733220994,1306.3,27
1733220996,1306.4,14
1733221000,1306.4,15
1733221002,1306.3,11
1733221004,1306.4,28
1733221007,1306.4,30
1733221009,1306.4,1
1733221012,1306.4,18
1733221015,1306.4,1
1733221017,1306.3,26
1733221019,1306.3,57
1733221021,1306.4,1
1733221024,1306.4,32
1733221026,1306.5,3
1733221030,1306.6,59
1733221032,1306.7,53
1733221034,1306.7,7
1733221037,1306.7,21
1733221039,1306.7,13
1733221042,1306.7,29
1733221045,1306.7,4
1733221047,1306.7,6
1733221049,1306.7,19
1733221052,1306.6,41
1733221054,1306.7,83
1733221056,1306.5,118
1733221060,1306.6,63
1733221062,1306.6,73
1733221064,1306.6,1
1733221067,1306.4,17
1733221069,1306.4,5
1733221072,1306.4,5
1733221075,1306.4,15
1733221077,1306.3,14
1733221079,1306.2,63
1733221082,1306.4,1
1733221084,1306.3,2
1733221087,1306.3,14
1733221090,1306.3,41
1733221092,1306.3,23
1733221094,1306.2,35
1733221096,1306.3,14
1733221098,1306.2,13
1733221102,1306.1,11
1733221105,1306.4,29
1733221107,1306.3,1
1733221109,1306.4,20
1733221112,1306.2,106
1733221114,1306.4,5
1733221116,1306,57
1733221120,1306.4,41
1733221125,1306.1,44
1733221127,1306.1,15
1733221129,1306.4,5
1733221132,1306.4,11
1733221135,1306.3,1
1733221137,1306.2,6
1733221140,1306.2,9
1733221142,1306.2,1
1733221145,1306.1,28
1733221149,1306.2,11
1733221151,1306.1,15
1733221156,1306.2,3
1733221159,1306.1,1
1733221162,1306,2
1733221165,1306.1,2
1733221167,1306.1,18
1733221169,1306,84
1733221172,1305.9,241
1733221174,1305.9,21
1733221179,1305.8,85
1733221182,1305.8,47
1733221184,1305.8,64
1733221186,1305.8,4
1733221188,1305.8,12
1733221192,1305.8,26
1733221195,1305.8,52
1733221197,1305.9,43
1733221200,1305.9,3
1733221202,1305.9,4
1733221205,1306.1,148
1733221209,1306.1,89
1733221211,1306.1,8
1733221213,1306.1,24
1733221216,1306.1,9
1733221218,1306.1,1
1733221220,1306.1,55
1733221224,1306,21
1733221227,1306.1,3
1733221229,1306.2,26
1733221232,1306,6
1733221234,1305.9,44
1733221240,1306,46
1733221242,1305.9,42
1733221244,1306,24
1733221247,1306.1,12
1733221250,1306,2
1733221254,1306.1,31
1733221256,1306.3,41
1733221258,1306.2,1
1733221261,1306.1,44
1733221270,1306.2,49
1733221274,1306.2,5
1733221278,1306.1,83
1733221282,1306.2,6
1733221285,1306.2,6
1733221287,1306.2,1
1733221290,1306.1,10
1733221292,1306,56
1733221295,1306.2,54
1733221298,1306.2,7
1733221301,1306.2,2
1733221303,1306.2,1
1733221305,1306.3,4
1733221308,1306.2,1
1733221310,1306.2,5
1733221314,1306.2,2
1733221317,1306.3,1
1733221319,1306.3,34
1733221322,1306.3,73
1733221324,1306.4,20
1733221327,1306.3,4
1733221330,1306.2,26
1733221332,1306.2,3
1733221335,1306.2,3
1733221337,1306.2,4
1733221340,1306.4,32
1733221344,1306.3,7
1733221346,1306.4,5
1733221348,1306.4,14
1733221351,1306.4,8
1733221353,1306.4,19
1733221355,1306.2,30
1733221359,1306.4,3
1733221362,1306.3,32
1733221364,1306.4,1
1733221367,1306.6,47
1733221369,1306.6,5
1733221372,1306.8,17
1733221375,1306.8,23
1733221377,1306.6,30
1733221379,1306.6,27
1733221382,1306.5,8
1733221384,1306.5,39
1733221389,1306.4,9
1733221391,1306.6,20
1733221394,1306.7,45
1733221396,1306.6,15
1733221399,1306.7,12
1733221402,1306.6,2
1733221405,1306.6,2
1733221407,1306.5,19
1733221410,1306.5,4
1733221412,1306.5,5
1733221415,1306.5,3
1733221419,1306.5,18
1733221421,1306.5,1
1733221423,1306.6,3
1733221426,1306.5,3
1733221429,1306.5,11
1733221432,1306.6,77
1733221435,1306.6,37
1733221437,1306.7,112
1733221440,1306.8,30
1733221442,1306.7,46
1733221444,1306.8,26
1733221447,1306.8,15
1733221450,1306.9,41
1733221453,1306.9,12
1733221455,1306.8,70
1733221458,1306.9,58
1733221460,1306.9,84
1733221464,1306.8,90
1733221467,1307,8
1733221469,1307,36
1733221471,1307,15
1733221474,1307,45
1733221476,1307,93
1733221480,1306.7,79
1733221483,1306.8,9
1733221485,1306.9,21
1733221487,1306.8,1
1733221489,1306.9,31
1733221492,1306.9,4
1733221495,1306.9,8
1733221498,1306.9,1
1733221500,1306.9,11
1733221503,1307,5
1733221505,1307,49
1733221509,1307,115
1733221512,1307.1,2
1733221514,1307.1,1
1733221517,1307.1,25
1733221519,1307,13
1733221522,1307,30
1733221525,1307,21
1733221527,1306.9,29
1733221530,1306.9,10
1733221533,1306.9,19
1733221535,1307,40
1733221539,1306.9,18
1733221541,1307,34
1733221544,1307.1,18
1733221546,1307,1
1733221548,1307,8
1733221552,1307,62
1733221555,1307,23
1733221557,1306.9,14
1733221560,1306.9,63
1733221563,1306.8,4
1733221565,1306.8,54
1733221569,1306.8,3
1733221571,1306.8,37
1733221574,1306.8,23
1733221577,1306.9,2
1733221579,1306.7,42
1733221582,1306.7,21
1733221585,1306.6,1
1733221587,1306.7,1
1733221590,1306.6,3
1733221595,1306.7,2
1733221599,1306.5,56
1733221602,1306.5,12
1733221604,1306.4,10
1733221607,1306.4,17
1733221609,1306.4,110
1733221612,1306.4,34
1733221615,1306.4,16
1733221620,1306.2,41
1733221625,1306.4,140
1733221629,1306.4,55
1733221631,1306.3,32
1733221634,1306.4,57
1733221636,1306.4,35
1733221640,1306.6,31
1733221644,1306.6,32
1733221647,1306.7,21
1733221649,1306.7,3
1733221652,1306.7,7
1733221654,1306.8,29
1733221657,1306.8,16
1733221660,1307,173
1733221662,1307,121
1733221665,1307.3,104
1733221667,1306.9,31
1733221670,1307.4,131
1733221674,1307.2,47
1733221676,1307.2,8
1733221679,1307.3,39
1733221681,1307.2,101
1733221684,1307.3,71
1733221687,1307.4,18
1733221690,1307.4,44
1733221692,1307.2,12
1733221695,1307.4,24
1733221697,1307.4,16
1733221700,1307.2,7
1733221702,1307.3,99
1733221705,1307.1,8
1733221707,1307.2,2
1733221709,1307.4,42
1733221712,1307.3,5
1733221714,1307.2,6
1733221717,1307.3,4
1733221720,1307.4,28
1733221722,1307.5,224
1733221725,1307.3,34
1733221727,1307.4,9
1733221730,1307.4,9
1733221734,1307.3,8
1733221736,1307.4,5
1733221738,1307.4,10
1733221741,1307.3,16
1733221744,1307.3,26
1733221746,1307.4,18
1733221752,1307.2,30
1733221755,1307.2,6
1733221759,1307.2,48
1733221762,1307.3,13
1733221767,1307.3,2
1733221770,1307.2,1
1733221775,1307.3,32
1733221779,1307.2,33
1733221782,1307.2,23
1733221784,1307.2,3
1733221786,1307.2,17
1733221789,1307.2,4
1733221792,1307.2,10
1733221795,1307.3,9
1733221798,1307.2,23
1733221800,1307.3,5
1733221803,1307.1,25
1733221805,1307.1,17
1733221810,1307.2,33
1733221812,1307.1,40
1733221815,1307.2,16
1733221818,1307.1,8
1733221820,1307.1,6
1733221824,1307.1,23
1733221827,1307,67
1733221830,1307.2,69
1733221832,1307.2,5
1733221834,1307.1,21
1733221839,1307.1,49
1733221841,1307.2,61
1733221847,1307.1,7
1733221850,1307.2,19
1733221854,1307.3,10
1733221857,1307.3,18
1733221859,1307.3,9
1733221861,1307.3,1
1733221866,1307.3,6
1733221870,1307.3,12
1733221872,1307.3,73
1733221875,1307.4,24
1733221877,1307.4,6
1733221880,1307.2,8
1733221884,1307.4,56
1733221886,1307.4,3
1733221891,1307.4,2
1733221894,1307.4,2
1733221896,1307.2,1
1733221900,1307.4,116
1733221902,1307.5,17
1733221905,1307.4,32
1733221907,1307.6,6
1733221910,1307.5,4
1733221914,1307.3,6
1733221916,1307.5,22
1733221918,1307.5,11
1733221921,1307.5,134
1733221923,1307.4,24
1733221926,1307.4,26
1733221930,1307.5,5
1733221932,1307.5,72
1733221935,1307.5,12
1733221937,1307.5,38
1733221939,1307.5,5
1733221942,1307.5,5
1733221945,1307.4,9
1733221950,1307.5,45
1733221952,1307.4,8
1733221955,1307.4,6
1733221957,1307.4,1
1733221960,1307.3,56
1733221963,1307.2,12
1733221965,1307.2,20
1733221968,1307.2,1
1733221970,1307.2,2
1733221975,1307.2,5
1733221977,1307.2,23
1733221980,1307.2,17
1733221982,1307.3,33
1733221985,1307.2,2
1733221989,1307.3,46
1733221992,1307.2,4
1733221994,1307.2,1
1733221997,1307.3,5
1733221999,1307.5,339
1733222002,1307.1,57
1733222005,1307,103
1733222007,1307.5,11
1733222010,1307.5,11
1733222012,1307.5,9
1733222015,1307.5,40
1733222017,1307.5,36
1733222020,1307.7,50
1733222022,1307.6,1
1733222024,1307.7,51
1733222027,1307.7,2
1733222029,1307.6,4
1733222032,1307.6,22
1733222035,1307.6,9
1733222037,1307.6,4
1733222039,1307.7,19
1733222042,1307.8,189
1733222044,1307.8,44
1733222046,1307.8,29
1733222050,1307.8,57
1733222052,1307.8,20
1733222054,1307.7,20
1733222056,1307.5,38
1733222059,1307.7,19
1733222062,1307.5,136
1733222064,1307.6,35
1733222066,1307.6,1
1733222069,1307.5,29
1733222071,1307.3,12
1733222075,1307.2,30
1733222079,1307.2,3
1733222084,1307.3,5
1733222086,1307.2,66
1733222090,1307.2,5
1733222094,1307.2,10
1733222099,1307.2,14
1733222103,1307.2,21
1733222109,1307.1,65
1733222111,1307.2,6
1733222114,1307.1,46
1733222116,1307,68
1733222118,1307,40
1733222120,1307,41
1733222124,1307.1,57
1733222127,1307,62
1733222129,1307,10
1733222131,1307.1,2
1733222134,1307.2,9
1733222136,1307.2,16
1733222140,1307.2,26
1733222142,1307.3,19
1733222144,1307.2,1
1733222147,1307.1,1
1733222149,1307.4,48
1733222152,1307.4,7
1733222155,1307.4,25
1733222157,1307.2,61
1733222160,1307.2,4
1733222162,1307.2,33
1733222164,1307,34
1733222167,1306.9,70
1733222170,1307,20
1733222173,1306.9,5
1733222175,1306.9,34
1733222177,1306.9,38
1733222180,1306.9,48
1733222184,1306.9,65
1733222186,1306.9,4
1733222189,1307,1
1733222191,1306.8,13
1733222193,1306.9,7
1733222195,1306.9,82
1733222199,1306.8,6
1733222202,1306.9,3
1733222206,1306.9,41
1733222208,1306.9,1
1733222215,1306.9,74
1733222217,1306.9,1
1733222222,1306.8,40
1733222227,1306.9,121
1733222230,1306.8,45
1733222234,1306.7,33
1733222239,1306.9,107
1733222242,1306.9,98
1733222245,1306.9,264
1733222247,1307,11
1733222252,1307,170
1733222256,1307.1,11
1733222260,1307,28
1733222262,1307.2,45
1733222265,1307.1,4
1733222267,1307.2,1
1733222269,1307.1,9
1733222272,1307.1,4
1733222275,1307.2,1
1733222278,1307.1,14
1733222280,1307.2,1
1733222282,1307.2,22
1733222285,1307.2,23
1733222294,1307.3,1
1733222296,1307.3,10
1733222302,1307.3,94
1733222305,1307.4,2
1733222307,1307.5,2
1733222310,1307.5,11
1733222312,1307.5,34
1733222315,1307.5,7
1733222317,1307.6,13
1733222320,1307.5,6
1733222322,1307.5,20
1733222325,1307.6,2
1733222327,1307.6,3
1733222330,1307.5,101
1733222332,1307.6,68
1733222335,1307.5,5
1733222337,1307.5,18
1733222340,1307.6,4
1733222342,1307.6,10
1733222347,1307.6,74
1733222350,1307.8,25
1733222353,1307.8,2
1733222355,1307.8,22
1733222357,1307.8,34
1733222359,1307.7,216
1733222362,1308,13
1733222365,1308.1,185
1733222367,1308.3,80
1733222369,1308.4,90
1733222372,1308.2,21
1733222374,1308.4,31
1733222377,1308.5,62
1733222380,1308.3,86
1733222382,1308.4,114
1733222385,1308.2,88
1733222387,1308.2,1
1733222389,1308.3,84
1733222392,1308.2,9
1733222395,1308.2,43
1733222398,1308.1,50
1733222400,1308.1,25
1733222402,1308.2,45
1733222405,1308.1,45
1733222409,1308,45
1733222411,1308,54
1733222414,1308.1,13
1733222416,1307.8,14
1733222418,1308,46
1733222422,1307.9,14
1733222425,1308,36
1733222427,1308,1
1733222430,1308,30
1733222432,1308,14
1733222435,1308,31
1733222437,1308,20
1733222440,1308,7
1733222442,1308.1,6
1733222445,1308.1,20
1733222447,1308.1,1
1733222449,1308.2,21
1733222452,1308.3,44
1733222455,1308.2,54
1733222457,1308.4,3
1733222460,1308.5,145
1733222462,1308.5,3
1733222464,1308.6,70
1733222467,1308.6,12
1733222470,1308.4,146
1733222472,1308.5,44
1733222474,1308.5,31
1733222477,1308.5,111
1733222479,1308.7,5
1733222482,1308.6,48
1733222485,1308.5,165
1733222487,1308.6,4
1733222490,1308.8,15
1733222492,1308.8,1
1733222494,1309,89
1733222496,1309,29
1733222500,1309,275
1733222502,1309,39
1733222505,1309.2,96
1733222507,1308.9,209
1733222509,1309,23
1733222512,1308.8,87
1733222515,1308.9,66
1733222518,1308.8,9
1733222520,1308.8,8
1733222522,1308.9,41
1733222524,1309,25
1733222527,1308.8,28
1733222530,1308.8,16
1733222533,1308.9,46
1733222535,1308.9,60
1733222538,1309,24
1733222540,1308.9,16
1733222544,1308.8,121
1733222547,1308.8,20
1733222549,1309,3
1733222551,1308.8,3
1733222554,1308.8,2
1733222560,1308.9,8
1733222562,1308.8,57
1733222567,1308.8,6
1733222569,1308.7,8
1733222572,1308.7,8
1733222575,1308.7,9
1733222578,1308.6,46
1733222580,1308.7,2
1733222582,1308.6,1
1733222585,1308.6,20
1733222587,1308.7,19
1733222592,1308.6,17
1733222595,1308.5,27
1733222599,1308.6,18
1733222605,1308.6,205
1733222610,1308.6,17
1733222613,1308.7,69
1733222619,1308.7,22
1733222622,1308.7,5
1733222624,1308.8,23
1733222626,1308.7,20
1733222629,1308.7,21
1733222632,1308.7,1
1733222635,1308.7,4
1733222638,1308.7,8
1733222640,1308.6,1
1733222642,1308.7,5
1733222645,1308.6,24
1733222649,1308.7,14
1733222652,1308.6,15
1733222654,1308.5,11
1733222656,1308.5,94
1733222659,1308.4,70
1733222662,1308.4,76
1733222665,1308.2,40
1733222668,1308.1,83
1733222670,1308.1,22
1733222672,1308.2,40
1733222675,1308.1,14
1733222679,1308.1,28
1733222682,1308.1,13
1733222684,1308.1,4
1733222686,1308.2,37
1733222689,1308.1,50
1733222692,1308.2,39
1733222695,1308,49
1733222698,1308.1,5
1733222700,1308.4,44
1733222702,1308.2,5
1733222705,1308.1,16
1733222707,1308.2,9
1733222710,1308.4,105
1733222713,1308.5,7
1733222715,1308.2,60
1733222718,1308.2,2
1733222724,1308.2,34
1733222727,1308.2,33
1733222729,1308.1,39
1733222732,1308.1,32
1733222734,1308.1,27
1733222736,1308,36
1733222740,1308,5
1733222743,1308,31
1733222745,1308,2
1733222748,1308.1,23
1733222750,1308.1,10
1733222754,1308.2,11
1733222757,1308.1,7
1733222759,1308.1,13
1733222762,1308.2,8
1733222764,1308.1,3
1733222767,1308.1,2
1733222770,1308.1,109
1733222773,1308.1,1
1733222776,1308.1,10
1733222778,1308.1,4
1733222782,1308.3,15
1733222786,1308.1,12
1733222788,1308.1,10
1733222791,1308.3,20
1733222793,1308.2,1
1733222795,1308.2,1
1733222800,1308.2,16
1733222802,1308.2,8
1733222804,1308.2,11
1733222807,1308.2,1
1733222809,1308.2,1
1733222812,1308.2,1
1733222815,1308.3,22
1733222818,1308.3,11
1733222820,1308.3,2
1733222823,1308.3,6
1733222825,1308.3,8
1733222829,1308.3,23
1733222832,1308.3,6
1733222834,1308.4,36
1733222840,1308.3,14
1733222847,1308.3,21
1733222853,1308.3,3
1733222855,1308.3,3
1733222857,1308.3,1
1733222860,1308.3,5
1733222863,1308.3,2
1733222865,1308.1,23
1733222867,1308.1,1
1733222870,1308.1,74
1733222872,1308,38
1733222875,1308.2,22
1733222878,1308.2,17
1733222880,1308.2,3
1733222883,1308.2,8
1733222885,1308.3,53
1733222887,1308.4,2
1733222890,1308.5,66
1733222893,1308.3,11
1733222895,1308.5,5
1733222897,1308.5,1
1733222900,1308.6,90
1733222902,1308.5,6
1733222905,1308.6,3
1733222910,1308.5,2
1733222913,1308.6,5
1733222915,1308.7,5
1733222917,1308.7,5
1733222923,1308.7,22
1733222928,1308.6,3
1733222930,1308.6,1
1733222934,1308.7,7
1733222937,1308.6,4
1733222939,1308.6,3
1733222942,1308.6,10
1733222944,1308.6,44
1733222946,1308.6,53
1733222950,1308.8,33
1733222955,1308.6,1
1733222957,1308.6,10
1733222960,1308.7,4
1733222963,1308.6,1
1733222965,1308.6,5
1733222968,1308.4,34
1733222971,1308.4,18
1733222973,1308.4,40
1733222975,1308.5,1
1733222979,1308.6,33
1733222982,1308.6,22
1733222984,1308.7,12
1733222986,1308.7,1
1733222989,1308.7,191
1733222992,1308.9,35
1733222995,1309,16
1733222998,1309.1,95
1733223001,1309.3,206
1733223003,1309.1,10
1733223005,1309.1,66
1733223009,1309.1,28
1733223012,1309,40
1733223014,1309.1,106
1733223016,1309,13
1733223019,1308.8,85
1733223022,1308.8,76
1733223025,1308.8,76
1733223028,1308.3,10
1733223030,1308.7,1
1733223033,1308.6,19
1733223035,1308.6,19
1733223037,1308.5,4
1733223040,1308.5,7
1733223043,1308.5,9
1733223045,1308.5,11
1733223048,1308.5,31
1733223050,1308.5,12
1733223056,1308.5,31
1733223058,1308.6,11
1733223060,1308.8,87
1733223062,1308.9,4
1733223065,1308.8,2
1733223067,1308.9,31
1733223071,1309,49
1733223073,1309,2
1733223075,1309.1,8
1733223078,1309.1,1
1733223080,1308.9,8
1733223085,1308.9,38
1733223088,1308.8,3
1733223091,1308.8,15
1733223093,1308.8,6
1733223095,1308.8,1
1733223099,1308.8,14
1733223102,1308.7,10
1733223104,1308.7,1
1733223107,1308.7,1
1733223109,1308.7,22
1733223115,1308.7,2
1733223118,1308.7,1
1733223120,1308.8,27
1733223123,1308.7,25
1733223125,1308.8,2
1733223127,1309,60
1733223131,1308.9,12
1733223133,1309,25
1733223135,1309,11
1733223138,1309.1,38
1733223140,1309,2
1733223143,1309,33
1733223146,1309,24
1733223148,1309.1,6
1733223151,1309.1,14
1733223153,1309.2,23
1733223155,1309.2,52
1733223160,1309.1,9
1733223162,1309,8
1733223164,1309,10
1733223167,1309.1,2
1733223169,1309,35
1733223172,1309,105
1733223175,1309,11
1733223178,1309,7
1733223180,1308.8,3
1733223183,1308.8,3
1733223185,1309,28
1733223187,1308.8,3
1733223190,1309,6
1733223195,1308.9,1
1733223198,1308.9,5
1733223200,1308.9,10
1733223203,1308.8,10
1733223208,1308.9,1
1733223210,1308.8,35
1733223213,1308.8,27
1733223215,1309,4
1733223223,1308.9,1
1733223225,1309,10
1733223228,1308.9,1
1733223230,1308.9,4
1733223232,1309,50
1733223235,1309,114
1733223238,1309.2,36
1733223240,1309,6
1733223245,1309.2,2
1733223250,1309.2,26
1733223252,1309.2,5
1733223254,1309.1,13
1733223257,1309.1,1
1733223259,1309.2,7
1733223263,1309.1,6
1733223266,1309.1,36
1733223268,1309.3,101
1733223270,1309.3,1
1733223273,1309.2,4
1733223275,1309.4,83
1733223280,1309.3,78
1733223282,1309.5,52
1733223284,1309.3,22
1733223287,1309.5,277
1733223289,1309.5,5
1733223293,1309.6,33
1733223296,1309.6,53
1733223298,1309.6,65
1733223300,1309.5,88
1733223303,1309.5,185
1733223305,1309.9,49
1733223310,1309.6,220
1733223312,1310,64
1733223314,1309.9,13
1733223317,1309.9,9
1733223319,1309.9,218
1733223323,1309.9,10
1733223326,1309.9,21
1733223328,1309.9,45
1733223330,1309.9,7
1733223333,1309.8,11
1733223335,1309.9,70
1733223340,1309.8,117
1733223342,1309.8,4
1733223344,1309.8,2
1733223347,1309.8,78
1733223349,1309.9,1
1733223353,1310,53
1733223356,1310,14
1733223358,1309.9,53
1733223361,1310,66
1733223363,1310,21
1733223365,1309.9,69
1733223370,1310.1,43
1733223372,1310,16
1733223375,1310.1,105
1733223377,1310.1,47
1733223380,1310,1
1733223383,1310.1,21
1733223385,1310,49
1733223388,1309.9,38
1733223390,1310,25
1733223393,1310,32
1733223395,1310.2,62
1733223398,1310,24
1733223401,1309.9,36
1733223403,1310,135
1733223405,1309.9,23
1733223408,1309.6,28
1733223410,1309.4,35
1733223413,1309.4,33
1733223416,1309.4,98
1733223418,1309.5,5
1733223420,1309.5,4
1733223423,1309.5,101
1733223425,1309.6,12
1733223430,1309.8,68
1733223432,1309.6,53
1733223435,1309.7,3
1733223438,1309.8,36
1733223441,1309.9,8
1733223443,1309.9,31
1733223446,1310,40
1733223451,1310,29
1733223453,1309.9,26
1733223456,1309.8,20
1733223460,1309.8,14
1733223462,1309.7,2
1733223465,1309.8,15
1733223467,1309.8,3
1733223473,1309.7,4
1733223476,1309.8,17
1733223478,1309.8,9
1733223480,1309.8,5
1733223483,1310,2
1733223485,1310,61
1733223490,1310.2,43
1733223492,1310.1,38
1733223495,1310.1,1
1733223497,1310.1,12
1733223500,1310,60
1733223503,1310,5
1733223505,1309.9,22
1733223508,1310.1,81
1733223510,1310,4
1733223515,1309.9,1
1733223518,1309.9,3
1733223523,1310,32
1733223525,1310,15
1733223530,1309.8,20
1733223534,1309.8,39
1733223536,1310,112
1733223538,1310,3
1733223541,1310,24
1733223543,1310,34
1733223546,1310,66
1733223550,1310,8
1733223552,1310,77
1733223555,1310.1,24
1733223558,1310.2,53
1733223560,1310,24
1733223563,1310.2,24
1733223566,1310.2,19
1733223568,1310.2,3
1733223571,1310.1,4
1733223573,1310.2,42
1733223576,1310.3,54
1733223580,1310.5,200
1733223582,1310.4,11
1733223585,1310.7,248
1733223588,1310.7,46
1733223590,1311,206
1733223593,1311,130
1733223596,1311.4,219
1733223598,1311,73
1733223601,1311.3,295
1733223603,1311.3,143
1733223606,1311.5,89
1733223610,1311.4,328
1733223613,1311.5,342
1733223615,1311.8,131
1733223618,1312.2,98
1733223620,1312.6,303
1733223623,1312.2,141
1733223626,1313,296
1733223628,1312.4,137
1733223631,1313.1,259
1733223633,1313.3,170
1733223636,1313,77
1733223640,1313.1,483
1733223643,1313.4,203
1733223645,1312.9,153
1733223648,1312.9,121
1733223650,1312.9,44
1733223655,1312.9,175
1733223657,1312.9,42
1733223660,1312.7,91
1733223662,1312.6,39
1733223665,1312.9,181
1733223670,1312.9,174
1733223672,1313,60
1733223675,1312.9,91
1733223677,1313.2,171
1733223680,1313.3,130
1733223683,1313.3,56
1733223686,1313.2,142
1733223688,1313.5,153
1733223691,1313.2,227
1733223694,1313.5,134
1733223697,1313.8,241
1733223701,1313.4,103
1733223704,1313.4,123
1733223706,1313.5,108
1733223709,1313.6,120
1733223713,1313.5,168
1733223716,1313.5,120
1733223718,1313.5,32
1733223721,1313.5,80
1733223724,1313.5,142
1733223727,1313.7,85
1733223731,1313.7,220
1733223734,1313.9,198
1733223736,1314,188
1733223740,1314,242
1733223744,1313.7,411
1733223747,1313.5,125
1733223750,1313.6,43
1733223752,1313.2,128
1733223755,1313.4,62
1733223758,1313.2,30
1733223761,1313.2,33
1733223763,1313.2,48
1733223766,1313.3,40
1733223769,1313.3,45
1733223773,1313.3,46
1733223776,1313.3,113
1733223779,1313.1,28
1733223782,1313.5,65
1733223784,1313.6,91
1733223787,1313.3,20
1733223791,1313.6,112
1733223794,1313.6,44
1733223796,1313.3,87
1733223799,1313.4,61
1733223803,1313.2,28
1733223806,1313.3,5
1733223809,1313.1,11
1733223811,1313,210
1733223814,1312.7,130
1733223817,1312.7,39
1733223821,1312.7,169
1733223823,1312.8,39
1733223826,1312.9,47
1733223829,1313,97
1733223833,1312.9,26
1733223836,1313.1,33
1733223839,1313.1,6
1733223841,1313.2,3
1733223844,1313.1,31
1733223847,1313.1,63
1733223851,1313.1,81
1733223853,1313.2,78
1733223856,1313.3,53
1733223859,1313.4,15
1733223863,1313.3,111
1733223866,1313.5,17
1733223868,1313.2,76
1733223871,1313.3,19
1733223877,1313.4,44
1733223881,1313.2,56
1733223883,1313,95
1733223889,1313,108
1733223893,1313,21
1733223896,1312.9,41
1733223901,1312.7,92
1733223907,1312.8,88
1733223911,1312.7,94
1733223914,1312.9,86
1733223917,1312.9,42
1733223919,1312.9,7
1733223923,1313,86
1733223926,1313.2,19
1733223929,1313.2,17
1733223932,1313,38
1733223934,1313.2,8
1733223937,1313.1,13
1733223941,1313.4,122
1733223944,1313,51
1733223946,1313,1
1733223949,1313.2,8
1733223953,1313.2,21
1733223956,1313.1,3
1733223959,1313.2,6
1733223961,1313.3,8
1733223964,1313.3,57
1733223967,1313.2,40
1733223971,1313.3,68
1733223974,1313.8,417
1733223976,1313.8,55
1733223979,1313.8,55
1733223983,1313.4,135
1733223986,1313.6,23
1733223989,1313.2,40
1733223992,1313.4,35
1733223994,1313.4,11
1733223997,1313.3,26
1733224001,1313.3,28
1733224004,1313.4,7
1733224006,1313.4,1
1733224009,1313.4,3
1733224013,1313.5,49
1733224016,1313.5,14
1733224019,1313.5,19
1733224021,1313.4,2
1733224024,1313.7,22
1733224027,1313.7,33
1733224031,1313.7,130
1733224033,1313.7,23
1733224036,1313.6,44
1733224040,1313.5,140
1733224044,1313.5,26
1733224047,1313.4,64
1733224049,1313.4,23
1733224052,1313.5,22
1733224055,1313.3,19
1733224058,1313.3,12
1733224061,1313.4,3
1733224063,1313.3,24
1733224066,1313.2,22
1733224069,1313.1,25
1733224073,1313.1,62
1733224076,1313.1,52
1733224079,1313,77
1733224081,1313.2,35
1733224084,1313,156
1733224087,1313,43
1733224091,1313,64
1733224094,1313,8
1733224096,1312.9,87
1733224099,1313,57
1733224103,1313,46
1733224106,1313,30
1733224109,1313.1,69
1733224112,1313.1,29
1733224114,1313.1,34
1733224117,1313.2,44
1733224121,1313.3,10
1733224124,1313.5,73
1733224126,1313,40
1733224129,1313,7
1733224136,1313.1,9
1733224139,1313,10
1733224142,1313,33
1733224148,1312.9,27
1733224151,1313,15
1733224156,1313,89
1733224159,1312.9,23
1733224163,1312.9,39
1733224166,1312.9,12
1733224169,1312.9,10
1733224172,1312.8,15
1733224174,1313,22
1733224178,1313,18
1733224181,1312.8,8
1733224184,1312.9,4
1733224186,1312.8,55
1733224189,1312.7,3
1733224193,1312.7,57
1733224196,1312.7,169
1733224199,1312.6,19
1733224201,1312.7,21
1733224204,1312.6,138
1733224207,1312.5,70
1733224211,1312.7,24
1733224214,1312.6,91
1733224216,1312.6,162
1733224219,1312.7,19
1733224223,1312.7,76
1733224226,1312.6,65
1733224229,1312.6,3
1733224233,1312.5,93
1733224236,1312.5,142
1733224240,1312.5,20
1733224243,1312.6,22
1733224246,1312.5,50
1733224249,1312.4,18
1733224253,1312.6,74
1733224256,1312.5,22
1733224259,1312.5,56
1733224262,1312.5,19
1733224265,1312.5,19
1733224268,1312.6,11
1733224271,1312.5,19
1733224274,1312.6,11
1733224277,1312.6,4
1733224280,1312.5,33
1733224283,1312.5,21
1733224286,1312.6,25
1733224289,1312.6,2
1733224292,1312.6,10
1733224295,1312.6,3
1733224298,1312.6,81
1733224301,1312.6,41
1733224304,1312.7,18
1733224307,1312.6,2
1733224309,1312.7,17
1733224313,1312.6,23
1733224316,1312.7,37
1733224319,1312.7,4
1733224322,1312.8,2
1733224324,1312.7,8
1733224327,1312.7,6
1733224331,1312.8,9
1733224334,1312.7,15
1733224336,1312.7,2
1733224340,1312.5,60
1733224344,1312.7,2
1733224347,1312.5,12
1733224352,1312.7,1
1733224355,1312.8,11
1733224361,1312.7,27
1733224364,1312.6,6
1733224367,1312.6,2
1733224369,1312.7,5
1733224373,1312.7,52
1733224379,1312.8,24
1733224382,1312.9,30
1733224388,1313.2,255
1733224391,1313.1,2
1733224394,1313.3,71
1733224397,1313.1,39
1733224400,1313.1,2
1733224403,1313,15
1733224406,1313,9
1733224409,1312.9,36
1733224412,1312.7,44
1733224414,1312.7,27
1733224421,1313.1,42
1733224424,1312.8,1
1733224427,1312.8,4
1733224433,1313,5
1733224436,1312.8,7
1733224439,1313,47
1733224442,1313,1
1733224448,1313,1
1733224451,1313,55
1733224454,1313,2
1733224456,1313.2,86
1733224459,1313.1,5
1733224463,1313.4,94
1733224466,1313.4,9
1733224469,1313.1,22
1733224472,1313.2,7
1733224474,1313.4,10
1733224477,1313.3,1
1733224481,1313.1,9
1733224484,1313.1,49
1733224486,1313.3,29
1733224489,1313.3,42
1733224493,1313.2,7
1733224496,1313.3,20
1733224499,1313.3,3
1733224502,1313.4,40
1733224504,1313.5,156
1733224507,1313.5,27
1733224511,1313.7,131
1733224514,1313.8,86
1733224517,1313.8,155
1733224520,1313.9,156
1733224523,1314,220
1733224526,1314,36
1733224529,1314.1,62
1733224532,1313.9,105
1733224535,1313.7,144
1733224538,1313.9,76
1733224541,1313.7,90
1733224544,1313.7,42
1733224546,1313.7,67
1733224549,1313.7,9
1733224553,1313.6,20
1733224556,1313.8,4
1733224559,1313.6,31
1733224562,1313.7,44
1733224565,1313.6,29
1733224568,1313.4,87
1733224571,1313.6,102
1733224574,1313.5,13
1733224577,1313.6,8
1733224579,1313.6,24
1733224583,1313.6,7
1733224586,1313.5,33
1733224589,1313.6,3
1733224592,1313.7,1
1733224595,1313.8,78
1733224598,1313.7,49
1733224601,1313.5,7
1733224604,1314,303
1733224607,1313.7,10
1733224609,1313.7,4
1733224613,1313.9,58
1733224616,1314,34
1733224619,1314,21
1733224622,1314,11
1733224625,1314,13
1733224628,1314,330
1733224631,1313.5,19
1733224634,1313.7,57
1733224637,1313.6,36
1733224641,1313.5,69
1733224645,1313.5,32
1733224648,1313.5,7
1733224650,1313.5,63
1733224653,1313.5,109
1733224656,1313.4,2
1733224660,1313.3,42
1733224663,1313.4,47
1733224666,1313.3,76
1733224669,1313.3,17
1733224673,1313.3,60
1733224676,1313,143
1733224679,1313.3,43
1733224682,1313.1,19
1733224684,1313,37
1733224688,1313.3,14
1733224691,1313.1,4
1733224694,1313.3,49
1733224697,1313.6,345
1733224700,1313.6,15
1733224703,1313.6,39
1733224706,1313.7,29
1733224709,1313.8,57
1733224715,1313.7,6
1733224718,1313.9,83
1733224721,1313.9,77
1733224724,1314.1,196
1733224727,1314.1,34
1733224730,1314.2,210
1733224733,1314,94
1733224736,1314,137
1733224739,1314,120
1733224742,1314,85
1733224745,1313.8,29
1733224748,1313.8,25
1733224751,1313.8,8
1733224754,1313.8,22
1733224757,1313.8,5
1733224760,1313.8,21
1733224763,1313.7,7
1733224766,1313.7,3
1733224769,1313.8,9
1733224772,1313.7,5
1733224775,1313.7,5
1733224778,1313.7,8
1733224781,1313.7,17
1733224784,1313.8,17
1733224787,1313.7,2
1733224790,1313.8,4
1733224793,1313.7,27
1733224796,1313.6,2
1733224799,1313.7,2
1733224802,1313.7,15
1733224805,1313.6,46
1733224807,1313.8,55
1733224811,1313.6,73
1733224814,1313.5,47
1733224817,1313.7,52
1733224820,1313.2,119
1733224823,1313.3,36
1733224826,1313.3,22
1733224829,1313.4,16
1733224832,1313.5,47
1733224838,1313.5,67
1733224841,1313.8,45
1733224844,1313.5,4
1733224847,1313.6,6
1733224853,1313.7,13
1733224856,1313.7,38
1733224862,1313.8,145
1733224865,1313.9,63
1733224868,1313.8,121
1733224871,1314,232
1733224874,1314.1,2
1733224877,1314.4,119
1733224880,1314.4,137
1733224883,1314.4,166
1733224886,1314.2,50
1733224889,1314.2,141
1733224892,1314.2,79
1733224895,1314.1,110
1733224898,1314.1,41
1733224901,1314.1,60
1733224904,1314.1,67
1733224907,1313.9,18
1733224910,1313.9,7
1733224913,1314.1,12
1733224916,1314,1
1733224919,1314,18
1733224922,1314,128
1733224925,1314,6
1733224928,1314,11
1733224931,1314,14
1733224934,1313.8,35
1733224937,1314,6
1733224941,1313.8,19
1733224944,1314,1
1733224947,1313.6,89
1733224951,1313.4,25
1733224953,1313.5,26
1733224956,1313.4,2
1733224961,1313.5,4
1733224963,1313.5,30
1733224966,1313.5,3
1733224969,1313.5,1
1733224973,1313.5,45
1733224977,1313.5,14
1733224979,1313.5,25
1733224982,1313.6,15
1733224985,1313.6,8
1733224988,1313.9,61
1733224991,1314,96
1733224994,1313.9,103
1733224997,1314.1,1
1733225003,1314,64
1733225006,1314,26
1733225009,1313.8,9
1733225012,1313.8,21
1733225015,1313.6,89
1733225018,1313.6,9
1733225021,1313.7,7
1733225024,1313.6,4
1733225027,1313.6,2
1733225033,1313.6,25
1733225036,1313.6,1
1733225039,1313.6,5
1733225042,1313.6,10
1733225045,1313.6,11
1733225049,1313.6,1
1733225051,1313.6,21
1733225066,1313.8,12
1733225072,1313.7,191
1733225075,1314,76
1733225079,1313.9,159
1733225085,1314,32
1733225088,1314,2
1733225091,1313.9,3
1733225096,1313.9,25
1733225101,1314,17
1733225107,1314,3
1733225111,1314,61
1733225114,1314,9
1733225117,1314.2,59
1733225120,1314,13
1733225123,1314.2,25
1733225126,1314.2,8
1733225129,1314.2,6
1733225132,1314.1,3
1733225135,1314.2,22
1733225138,1313.9,89
1733225141,1314,9
1733225144,1313.8,24
1733225147,1313.9,5
1733225150,1314,90
1733225154,1313.6,11
1733225156,1313.6,5
1733225159,1313.9,2
1733225162,1313.9,12
1733225169,1314,107
1733225171,1314.1,16
1733225174,1314,15
1733225177,1314.2,31
1733225180,1314.3,108
1733225184,1314.2,46
1733225187,1314.3,9
1733225189,1314.2,67
1733225192,1314.2,29
1733225195,1314.2,16
1733225199,1314.5,158
1733225201,1314.5,120
1733225204,1314.5,45
1733225207,1314.5,81
1733225210,1314.6,37
1733225214,1314.5,176
1733225217,1314.7,133
1733225219,1315,216
1733225222,1314.9,60
1733225225,1315,201
1733225229,1315.1,276
1733225232,1315,168
1733225234,1315.1,189
1733225237,1315.1,162
1733225241,1315.1,440
1733225246,1315.2,124
1733225249,1315.3,63
1733225252,1315.2,56
1733225255,1315.4,111
1733225259,1315.3,207
1733225262,1315.2,99
1733225264,1315.3,58
1733225267,1315.3,16
1733225270,1315.4,50
1733225274,1315.3,35
1733225276,1315.4,153
1733225279,1315.4,18
1733225282,1315.5,33
1733225285,1315.3,50
1733225289,1315.4,242
1733225292,1315.4,31
1733225295,1315.6,134
1733225298,1315.6,141
1733225301,1315.6,111
1733225304,1316,586
1733225307,1315.8,41
1733225310,1316.4,525
1733225313,1316.4,375
1733225316,1316.4,269
1733225321,1316.6,90
1733225324,1316.4,54
1733225327,1316.5,161
1733225330,1316.6,187
1733225334,1316.1,208
1733225337,1316.8,155
1733225340,1316.2,63
1733225343,1316.5,63
1733225346,1316.4,84
1733225349,1316.7,84
1733225352,1316.2,98
1733225354,1316.2,165
1733225358,1316.3,10
1733225360,1316.4,82
1733225364,1316.5,88
1733225367,1316.6,71
1733225370,1316.5,52
1733225373,1316.7,200
1733225375,1316.8,31
1733225379,1316.9,100
1733225381,1316.9,177
1733225384,1316.9,138
1733225387,1317,158
1733225391,1317.3,55
1733225394,1317.3,317
1733225397,1317.4,148
1733225400,1317.3,146
1733225403,1317.3,42
1733230803,1317.4,457
1733230806,1317.4,59
1733230811,1317.3,266
1733230814,1317.1,206
1733230817,1317.1,25
1733230820,1317.1,57
1733230824,1317.3,113
1733230827,1317.4,38
1733230830,1317.3,37
1733230833,1317.2,72
1733230837,1317.3,51
1733230841,1317.2,183
1733230844,1317.3,73
1733230847,1317.7,95
1733230850,1317.5,68
1733230857,1317.5,290
1733230863,1317.3,71
1733230867,1317.3,62
1733230871,1317.3,112
1733230874,1317.4,10
1733230877,1317.5,34
1733230880,1317.6,67
1733230884,1317.5,16
1733230887,1317.4,13
1733230890,1317.4,97
1733230893,1317.5,41
1733230896,1317.5,19
1733230901,1317.6,58
1733230904,1317.6,43
1733230907,1317.6,57
1733230910,1317.5,55
1733230913,1317.6,41
1733230918,1317.5,169
1733230921,1317.4,230
1733230924,1317.3,114
1733230927,1317.4,44
1733230931,1317.5,38
1733230934,1317.3,43
1733230937,1317.3,48
1733230941,1317.4,77
1733230946,1317.3,16
1733230949,1317.3,172
1733230952,1317.1,55
1733230955,1317.2,35
1733230959,1317,48
1733230962,1316.9,75
1733230965,1317,65
1733230968,1317,66
1733230972,1316.9,22
1733230976,1316.6,20
1733230979,1316.7,20
1733230982,1316.6,36
1733230986,1316.3,104
1733230989,1316.6,78
1733230992,1316.6,68
1733230995,1316.3,42
1733230998,1316.4,20
1733231001,1316.6,43
1733231006,1316.6,37
1733231009,1316.5,58
1733231012,1316.6,16
1733231015,1316.7,44
1733231019,1316.5,63
1733231022,1316.5,6
1733231025,1316.5,4
1733231028,1316.6,50
1733231031,1316.6,6
1733231036,1316.6,49
1733231039,1316.6,11
1733231042,1316.6,9
1733231045,1316.7,45
1733231049,1316.7,28
1733231052,1316.8,108
1733231055,1316.7,54
1733231058,1316.9,65
1733231061,1316.9,4
1733231066,1316.9,63
1733231069,1316.8,71
1733231072,1316.7,318
1733231075,1316.8,48
1733231079,1316.8,18
1733231082,1316.7,26
1733231085,1316.7,20
1733231088,1317,202
1733231091,1316.8,21
1733231096,1316.9,40
1733231099,1317,4
1733231102,1316.8,5
1733231105,1316.9,23
1733231109,1316.7,23
1733231112,1316.8,37
1733231115,1316.8,8
1733231118,1316.8,1
1733231121,1316.8,7
1733231126,1316.7,13
1733231129,1316.8,36
1733231134,1316.9,46
1733231137,1317,48
1733231141,1316.9,29
1733231144,1317,22
1733231148,1317,10
1733231151,1317,6
1733231156,1317,24
1733231159,1317,52
1733231162,1317,28
1733231165,1316.9,24
1733231169,1316.9,43
1733231172,1317,62
1733231176,1316.9,27
1733231179,1316.9,5
1733231183,1316.9,17
1733231188,1316.7,25
1733231191,1316.7,10
1733231194,1316.7,5
1733231198,1316.9,4
1733231203,1316.9,18
1733231206,1316.8,1
1733231213,1316.8,9
1733231218,1316.7,45
1733231221,1316.8,3
1733231225,1316.6,127
1733231233,1316.6,3
1733231236,1316.6,3
1733231241,1316.4,107
1733231245,1316.3,96
1733231248,1316.3,30
1733231251,1316.4,39
1733231254,1316.3,99
1733231257,1316.4,26
1733231261,1316.3,68
1733231264,1316.2,80
1733231267,1316.2,34
1733231270,1316.3,106
1733231274,1316.2,59
1733231277,1316.3,22
1733231281,1316.2,44
1733231284,1316.2,244
1733231287,1316.2,25
1733231291,1316.1,68
1733231294,1316.2,14
1733231297,1316.2,41
1733231301,1316.1,3
1733231304,1316.1,6
1733231307,1316.1,39
1733231310,1316.2,75
1733231313,1316.3,8
1733231317,1316.1,199
1733231321,1316.2,52
1733231327,1316,70
1733231330,1316.3,108
1733231334,1316.2,65
1733231340,1315.9,79
1733231343,1315.9,14
1733231346,1316.2,20
1733231351,1316,118
1733231354,1315.9,1
1733231357,1316,22
1733231360,1316,6
1733231364,1316,9
1733231367,1316,35
1733231370,1316,14
1733231373,1316.1,30
1733231376,1316,32
1733231381,1315.9,16
1733231384,1316,13
1733231387,1316,19
1733231390,1316,46
1733231394,1316.1,191
1733231397,1316,58
1733231401,1316.1,2
1733231404,1316.1,32
1733231407,1316.2,24
1733231411,1316.1,11
1733231414,1316.2,222
1733231418,1316.2,96
1733231424,1316.1,37
1733231427,1316.1,3
1733231430,1316.3,9
1733231433,1316.1,8
1733231437,1316.1,41
1733231441,1316.1,21
1733231444,1316.1,3
1733231447,1316.1,89
1733231450,1316,50
1733231454,1316,19
1733231457,1315.9,50
1733231463,1315.8,50
1733231467,1315.9,42
1733231471,1315.9,27
1733231474,1315.9,13
1733231480,1315.9,47
1733231484,1316,42
1733231487,1316,54
1733231490,1316,10
1733231496,1315.9,47
1733231501,1316,32
1733231504,1315.9,9
1733231507,1316,44
1733231510,1316,20
1733231514,1316,18
1733231517,1316,11
1733231520,1316,16
1733231524,1316,24
1733231527,1316,49
1733231531,1315.8,61
1733231534,1316.1,109
1733231537,1316,24
1733231544,1316,12
1733231547,1315.6,100
1733231551,1315.9,20
1733231554,1315.9,126
1733231557,1315.7,19
1733231561,1315.8,6
1733231567,1315.8,23
1733231571,1315.7,70
1733231574,1315.7,36
1733231577,1315.2,100
1733231580,1315.6,1
1733231586,1315.4,206
1733231591,1315.5,62
1733231594,1315.5,70
1733231597,1315.5,18
1733231601,1315.3,41
1733231604,1315.2,102
1733231607,1315.3,52
1733231610,1315.4,10
1733231613,1315.3,21
1733231617,1315.4,18
1733231621,1315.4,19
1733231624,1315.5,115
1733231627,1315.5,4
1733231630,1315.7,84
1733231634,1315.7,127
1733231637,1315.5,32
1733231640,1315.6,21
1733231643,1315.5,22
1733231647,1315.5,6
1733231651,1315.5,18
1733231654,1315.7,11
1733231657,1315.7,21
1733231660,1315.8,4
1733231664,1315.7,60
1733231667,1315.7,9
1733231670,1315.5,23
1733231673,1315.8,93
1733231677,1315.5,6
1733231681,1315.8,23
1733231684,1315.6,13
1733231691,1315.8,8
1733231694,1315.8,7
1733231697,1315.8,17
1733231701,1315.7,5
1733231704,1315.6,7
1733231707,1315.7,38
1733231711,1315.6,9
1733231714,1315.7,5
1733231718,1315.7,8
1733231721,1315.6,2
1733231724,1315.7,67
1733231727,1315.7,29
1733231731,1315.7,1
1733231734,1315.9,11
1733231737,1315.9,6
1733231741,1315.9,28
1733231744,1315.9,8
1733231747,1315.9,10
1733231751,1315.9,9
1733231754,1315.9,3
1733231757,1315.9,19
1733231760,1316,4
1733231763,1315.9,11
1733231767,1316,16
1733231771,1315.9,103
1733231778,1316.2,41
1733231781,1316.1,20
1733231784,1316.2,15
1733231787,1316.1,14
1733231791,1316.1,10
1733231794,1316.2,11
1733231797,1316.2,30
1733231801,1316.3,5
1733231805,1316.2,34
1733231808,1316.3,120
1733231811,1316.3,26
1733231816,1316.3,26
1733231819,1316.4,73
1733231825,1316.2,55
1733231829,1316.4,56
1733231832,1316.3,17
1733231835,1316.2,16
1733231839,1316.2,23
1733231843,1316.3,14
1733231847,1316.2,48
1733231853,1316.1,45
1733231857,1316.1,10
1733231861,1316,25
1733231864,1316,102
1733231868,1316,8
1733231871,1315.9,139
1733231876,1315.9,84
1733231879,1315.7,3
1733231883,1315.7,77
1733231886,1315.7,57
1733231889,1315.6,90
1733231892,1315.7,34
1733231895,1315.7,40
1733231902,1315.5,15
1733231906,1315.6,50
1733231909,1315.4,60
1733231912,1315.7,20
1733231916,1315.6,42
1733231921,1315.6,17
1733231924,1315.6,22
1733231931,1315.6,8
1733231934,1315.6,44
1733231937,1315.7,1
1733231941,1315.6,2
1733231944,1315.6,28
1733231951,1315.7,38
1733231954,1315.6,9
1733231961,1315.6,60
1733231964,1315.6,40
1733231967,1315.7,16
1733231970,1315.7,10
1733231974,1315.7,21
1733231977,1315.7,2
1733231981,1315.9,21
1733231984,1315.9,15
1733231987,1316,2
1733231991,1316,8
1733231997,1315.9,60
1733232000,1315.9,31
1733232004,1315.9,15
1733232007,1315.7,15
1733232011,1315.6,89
1733232014,1315.7,33
1733232018,1315.5,6
1733232021,1315.6,8
1733232026,1315.5,58
1733232029,1315.5,9
1733232033,1315.6,21
1733232036,1315.7,7
1733232039,1315.7,10
1733232042,1315.7,28
1733232046,1315.7,1
1733232049,1315.8,11
1733232053,1315.6,4
1733232058,1315.8,25
1733232062,1315.6,13
1733232065,1315.5,34
1733232068,1315.8,2
1733232071,1315.8,22
1733232074,1315.7,101
1733232078,1315.7,2
1733232081,1315.7,9
1733232086,1315.7,31
1733232089,1315.8,70
1733232093,1315.8,7
1733232096,1315.7,6
1733232099,1315.7,36
1733232103,1315.7,1
1733232106,1315.7,16
1733232109,1315.8,35
1733232113,1315.7,2
1733232118,1315.7,30
1733232121,1315.7,4
1733232125,1315.7,3
1733232128,1315.6,49
1733232131,1315.7,15
1733232134,1315.8,215
1733232138,1315.7,27
1733232141,1315.8,10
1733232145,1315.9,4
1733232148,1315.8,59
1733232152,1315.8,45
1733232155,1315.8,46
1733232159,1315.7,10
1733232163,1315.6,50
1733232166,1315.7,64
1733232169,1315.5,8
1733232173,1315.5,26
1733232178,1315.7,64
1733232182,1315.8,8
1733232185,1315.7,35
1733232189,1315.8,6
1733232192,1315.8,5
1733232196,1315.7,3
1733232199,1315.7,12
1733232204,1315.7,4
1733232208,1315.8,28
1733232212,1315.7,1
1733232215,1315.6,15
1733232219,1315.6,9
1733232222,1315.7,42
1733232226,1315.7,62
1733232229,1315.7,7
1733232233,1315.8,7
1733232238,1315.7,15
1733232242,1315.7,33
1733232245,1315.7,10
1733232248,1315.7,5
1733232251,1315.7,25
1733232258,1315.7,82
1733232261,1315.8,32
1733232267,1315.8,7
1733232271,1315.9,36
1733232274,1315.9,20
1733232277,1316,17
1733232281,1315.9,20
1733232288,1316,47
1733232291,1315.9,51
1733232294,1316,22
1733232297,1315.9,29
1733232301,1315.9,11
1733232304,1315.9,19
1733232307,1315.9,29
1733232311,1316,33
1733232315,1316,57
1733232318,1316,144
1733232321,1316.2,88
1733232326,1316.3,84
1733232330,1316.3,66
1733232333,1316.4,38
1733232336,1316.4,38
1733232341,1316.7,236
1733232345,1316.6,39
1733232348,1316.7,109
1733232351,1316.8,25
1733232356,1317,304
1733232360,1316.8,124
1733232363,1317,328
1733232366,1317.4,87
1733232371,1317.3,199
1733232375,1317.3,66
1733232378,1317.3,37
1733232381,1317.5,65
1733232386,1317.4,100
1733232390,1317.4,264
1733232393,1317.6,36
1733232396,1318,308
1733232401,1318,351
1733232405,1317.7,324
1733232408,1317.9,52
1733232411,1317.9,54
1733232416,1317.7,88
1733232423,1317.8,134
1733232426,1317.7,45
1733232431,1317.4,132
1733232435,1317.3,46
1733232439,1317.7,124
1733232443,1317.4,147
1733232447,1317.5,16
1733232451,1317.4,34
1733232454,1317.4,10
1733232457,1317.3,38
1733232461,1317.5,48
1733232465,1317.5,103
1733232468,1317.3,57
1733232471,1317.4,17
1733232477,1317.6,146
1733232480,1317.7,59
1733232483,1317.7,88
1733232487,1317.5,98
1733232491,1317.9,49
1733232495,1317.8,27
1733232498,1317.8,13
1733232501,1317.6,13
1733232504,1317.6,11
1733232508,1317.5,13
1733232511,1317.5,43
1733232515,1317.6,24
1733232518,1317.8,119
1733232523,1317.6,48
1733232527,1317.7,3
1733232530,1317.5,15
1733232534,1317.6,12
1733232537,1317.5,2
1733232541,1317.5,18
1733232544,1317.5,7
1733232547,1317.3,8
1733232551,1317.3,183
1733232555,1317.3,22
1733232558,1317,125
1733232561,1317,67
1733232566,1316.5,154
1733232570,1316.8,13
1733232573,1316.6,85
1733232577,1316.5,24
1733232581,1316.8,55
1733232585,1316.8,143
1733232588,1316.7,43
1733232592,1316.8,48
1733232597,1316.9,28
1733232600,1316.8,14
1733232603,1316.8,138
1733232607,1317,76
1733232611,1316.8,121
1733232615,1317,25
1733232618,1316.9,19
1733232621,1316.9,23
1733232624,1316.9,41
1733232628,1316.9,16
1733232631,1317,32
1733232634,1317,6
1733232642,1317.3,112
1733232648,1317.3,29
1733232651,1317.4,38
1733232656,1317.5,178
1733232660,1317.4,152
1733232666,1317.1,385
1733232671,1317.5,115
1733232675,1317.4,5
1733232678,1317.5,44
1733232682,1317.5,11
1733232687,1317.6,37
1733232690,1318,47
1733232693,1317.8,83
1733232696,1318,291
1733232702,1318.3,112
1733232705,1318.1,18
1733232708,1318.1,283
1733232712,1318.1,154
1733232717,1317.8,89
1733232720,1317.8,29
1733232723,1317.8,43
1733232727,1317.7,30
1733232732,1317.3,54
1733232735,1317.4,20
1733232739,1317.3,14
1733232744,1317.4,64
1733232747,1317.3,46
1733232751,1317.3,59
1733232755,1317.4,46
1733232758,1317.4,25
1733232763,1317.7,64
1733232767,1317.7,4
1733232770,1317.9,18
1733232774,1317.7,19
1733232778,1317.8,29
1733232782,1317.5,58
1733232789,1317.2,33
1733232792,1317.2,34
1733232796,1317.2,8
1733232799,1317.1,57
1733232803,1317.1,11
1733232809,1317.1,37
1733232812,1317.1,54
1733232816,1317.1,44
1733232820,1317,44
1733232823,1317,19
1733232826,1317,69
1733232830,1317.1,9
1733232835,1317.1,46
1733232839,1317.3,22
1733232842,1317.5,13
1733232846,1317.2,33
1733232850,1317.2,6
1733232853,1317.2,29
1733232856,1317.2,28
1733232860,1317.4,8
1733232863,1317.5,24
1733232869,1317.7,26
1733232872,1317.6,1
1733232879,1317.5,63
1733232883,1317.2,14
1733232886,1317.2,112
1733232890,1317.2,1
1733232893,1317.2,22
1733232899,1317.2,24
1733232902,1317.2,10
1733232905,1317.2,92
1733232910,1317.2,24
1733232913,1317.2,20
1733232916,1317,22
1733232920,1317,75
1733232924,1316.8,54
1733232928,1316.8,73
1733232931,1316.6,117
1733232934,1316.6,36
1733232938,1316.2,108
1733232942,1316.1,55
1733232945,1316.6,78
1733232949,1316.3,180
1733232952,1316.1,121
1733232957,1315.9,158
1733232960,1316.2,80
1733232964,1316,233
1733232967,1315.9,68
1733232972,1315.6,115
1733232975,1315.9,84
1733232979,1315.8,120
1733232982,1315.9,85
1733232987,1315.9,219
1733232990,1315.9,42
1733232997,1315.4,98
1733233002,1315.6,94
1733233005,1315.6,44
1733233008,1315.3,157
1733233012,1315.6,56
1733233020,1315.3,131
1733233023,1315.3,58
1733233027,1315.4,102
1733233032,1315.4,46
1733233035,1315.3,211
1733233039,1315.3,45
1733233044,1315.3,166
1733233047,1315.3,146
1733233051,1315.2,49
1733233054,1315.5,44
1733233058,1315.4,68
1733233062,1315.5,45
1733233065,1315.3,29
1733233069,1315.6,83
1733233072,1315.4,9
1733233077,1315.4,93
1733233080,1315.4,32
1733233083,1315.4,49
1733233087,1315.4,29
1733233092,1315.3,100
1733233095,1315.4,113
1733233099,1315.4,34
1733233102,1315.2,24
1733233107,1315.3,61
1733233110,1315.3,7
1733233114,1315.3,34
1733233117,1315.2,17
1733233122,1315.3,122
1733233125,1315.5,182
1733233129,1315.6,142
1733233132,1315.5,59
1733233137,1315.7,67
1733233140,1315.7,20
1733233144,1315.7,22
1733233147,1315.7,7
1733233152,1315.6,135
1733233155,1315.7,46
1733233159,1315.5,14
1733233162,1315.3,61
1733233167,1315.3,60
1733233170,1315.5,13
1733233174,1315.3,58
1733233177,1315.6,112
1733233182,1315.6,120
1733233185,1315.5,18
1733233189,1315.3,11
1733233192,1315.3,14
1733233197,1315.4,49
1733233200,1315.4,34
1733233204,1315.3,71
1733233208,1315.5,104
1733233212,1316,32
1733233215,1315.5,3
1733233218,1315.6,64
1733233222,1315.8,20
1733233227,1315.8,34
1733233231,1315.8,87
1733233234,1315.8,49
1733233238,1315.8,2
1733233242,1315.9,7
1733233245,1315.9,61
1733233249,1316,27
1733233252,1315.9,45
1733233257,1315.9,45
1733233264,1315.8,56
1733233267,1315.9,105
1733233272,1315.9,29
1733233275,1315.9,43
1733233278,1315.9,22
1733233282,1315.9,21
1733233287,1315.9,1
1733233290,1316,19
1733233294,1315.9,11
1733233297,1315.8,4
1733233302,1315.8,87
1733233305,1315.8,144
1733233309,1315.8,85
1733233312,1315.5,35
1733233317,1315.7,77
1733233320,1315.6,16
1733233324,1315.6,104
1733233327,1315.7,37
1733233332,1315.6,126
1733233335,1315.6,22
1733233339,1315.6,21
1733233343,1315.6,52
1733233349,1315.6,99
1733233353,1315.5,47
1733233356,1315.5,3
1733233362,1315.4,6
1733233366,1315.4,9
1733233369,1315.4,64
1733233373,1315.3,46
1733233379,1315.3,36
1733233383,1315.3,73
1733233386,1315.2,14
1733233392,1315.2,60
1733233396,1315.2,554
1733233400,1314.9,34
1733233404,1314.6,322
1733233409,1314.5,77
1733233413,1314.5,381
1733233416,1314.5,89
1733233420,1314.5,192
1733233424,1314.5,422
1733233427,1314.5,100
1733233431,1314.4,88
1733233435,1314.4,47
1733233438,1314.4,105
1733233442,1314.3,159
1733233445,1314.4,228
1733233449,1314.5,123
1733233453,1314.4,118
1733233456,1314.4,74
1733233460,1314.4,51
1733233463,1314.5,212
1733233469,1314.3,143
1733233473,1314.7,51
1733233477,1314.5,48
1733233482,1314.5,93
1733233486,1314.6,9
1733233489,1314.6,51
1733233494,1314.6,16
1733233499,1314.7,58
1733233502,1314.8,143
1733233506,1314.8,63
1733233510,1314.9,155
1733233513,1315,70
1733233517,1315,59
1733233521,1315,162
1733233525,1315.1,108
1733233528,1315,89
1733233532,1314.9,96
1733233536,1314.8,77
1733233540,1314.9,37
1733233543,1315,62
1733233547,1314.9,12
1733233550,1315,33
1733233555,1314.9,64
1733233558,1315,168
1733233561,1314.8,48
1733233565,1315,22
1733233569,1314.7,36
1733233573,1314.5,121
1733233576,1314.4,92
1733233580,1314.4,8
1733233584,1314.4,180
1733233588,1314.5,38
1733233591,1314.4,51
1733233595,1314.4,72
1733233599,1314.5,60
1733233603,1314.7,65
1733233606,1314.5,28
1733233610,1314.7,16
1733233614,1314.6,21
1733233618,1314.7,17
1733233621,1314.5,48
1733233629,1314.9,32
1733233633,1314.6,25
1733233637,1314.7,6
1733233644,1314.5,26
1733233648,1314.7,24
1733233652,1314.5,7
1733233659,1314.7,13
1733233663,1314.5,64
1733233667,1314.7,50
1733233670,1314.8,2
1733233674,1314.8,7
1733233678,1314.8,18
1733233682,1315.1,207
1733233685,1314.8,21
1733233689,1314.7,58
1733233693,1314.8,6
1733233697,1314.9,5
1733233705,1314.9,21
1733233708,1315.1,26
1733233712,1315.1,46
1733233716,1315,36
1733233720,1315.2,34
1733233724,1315.1,18
1733233728,1315,19
1733233731,1315.1,4
1733233737,1315,107
1733233741,1315,48
1733233745,1315,14
1733233748,1315,13
1733233752,1314.9,54
1733233756,1315.1,96
1733233759,1315.2,35
1733233764,1315.1,7
1733233768,1314.9,61
1733233771,1315,6
1733233775,1314.9,2
1733233778,1314.9,7
1733233782,1315,3
1733233786,1315,14
1733233789,1314.9,94
1733233794,1315,2
1733233798,1314.9,61
1733233801,1314.8,38
1733233805,1315,42
1733233813,1314.8,99
1733233816,1314.9,135
1733233820,1314.6,40
1733233824,1314.5,141
1733233828,1314.6,49
1733233831,1314.6,59
1733233835,1314.5,14
1733233839,1314.6,62
1733233843,1314.8,7
1733233847,1314.7,110
1733233850,1314.8,86
1733233854,1315,41
1733233858,1315,60
1733233862,1314.9,30
1733233865,1315,56
1733233869,1315,2
1733233873,1315.1,21
1733233876,1315.1,68
1733233880,1315,14
1733233884,1315,25
1733233891,1315,82
1733233895,1315,10
1733233899,1315,14
1733233902,1314.9,12
1733233906,1314.9,14
1733233910,1314.9,1
1733233917,1314.8,3
1733233921,1314.8,44
1733233925,1314.8,1
1733233929,1314.6,11
1733233932,1314.6,27
1733233936,1314.6,26
1733233940,1314.6,60
1733233944,1314.4,40
1733233947,1314.6,41
1733233951,1314.3,41
1733233954,1314.2,34
1733233958,1314.1,50
1733233962,1314.1,123
1733233965,1314,93
1733233969,1314.3,107
1733233973,1314.2,233
1733233977,1314.1,49
1733233980,1314.2,17
1733233984,1314.2,24
1733233988,1314.1,49
1733233991,1313.9,88
1733233995,1314,119
1733233998,1313.7,286
1733234002,1313.6,96
1733234006,1313.5,309
1733234009,1313.2,109
1733234013,1313.4,384
1733234016,1313.2,250
1733234020,1313.3,128
1733234024,1313.7,137
1733234027,1313.3,327
1733234031,1313.4,57
1733234035,1313.5,77
1733234038,1313.4,89
1733234042,1313.3,84
1733234046,1313.1,143
1733234050,1313,200
1733234053,1312.9,22
1733234057,1313.3,624
1733234061,1313,174
1733234065,1312.8,86
1733234068,1313,58
1733234072,1312.9,89
1733234076,1313.1,21
1733234079,1313.1,53
1733234083,1313.2,2
1733234087,1313.2,42
1733234091,1313.3,48
1733234098,1313.5,132
1733234102,1313.3,80
1733234105,1313.5,36
1733234109,1313.5,52
1733234113,1313.5,28
1733234117,1313.8,93
1733234120,1313.8,30
1733234124,1313.7,46
1733234128,1313.8,15
1733234131,1313.7,13
1733234135,1313.8,74
1733234139,1313.8,21
1733234143,1313.8,8
1733234146,1313.8,26
1733234150,1313.9,9
1733234154,1313.8,34
1733234158,1313.9,30
1733234161,1313.6,108
1733234165,1313.8,88
1733234169,1313.6,20
1733234173,1313.8,4
1733234176,1313.8,2
1733234184,1313.9,24
1733234188,1313.9,58
1733234192,1313.8,8
1733234196,1313.9,6
1733234200,1314,102
1733234203,1313.9,74
1733234207,1314.2,70
1733234211,1314.3,31
1733234215,1314.2,30
1733234218,1314.2,24
1733234222,1314.2,34
1733234226,1314.2,227
1733234230,1315,178
1733234233,1314.6,25
1733234237,1315,124
1733234242,1315,50
1733234250,1315.2,80
1733234253,1315,55
1733234257,1315,213
1733234261,1315,87
1733234265,1314.8,49
1733234269,1315,66
1733234273,1314.8,17
1733234277,1314.8,28
1733234281,1314.8,18
1733234285,1314.8,32
1733234289,1314.8,4
1733234293,1314.8,13
1733234297,1314.6,2
1733234300,1314.8,59
1733234304,1314.8,123
1733234308,1314.8,6
1733234312,1314.8,98
1733234316,1314.8,11
1733234320,1314.8,20
1733234324,1314.9,2
1733234327,1314.6,21
1733234331,1314.5,32
1733234335,1314.4,1
1733234339,1314.5,22
1733234343,1314.4,9
1733234346,1314.4,5
1733234350,1314.5,84
1733234354,1314.4,10
1733234358,1314.4,27
1733234362,1314.5,5
1733234365,1314.4,28
1733234369,1314.4,20
1733234373,1314.3,66
1733234377,1314.2,18
1733234380,1314.2,38
1733234384,1314.2,21
1733234388,1314.1,92
1733234392,1314.2,19
1733234396,1314,17
1733234400,1314,18
1733234403,1313.9,65
1733234407,1313.6,166
1733234411,1313.9,105
1733234415,1313.6,88
1733234419,1313.4,120
1733234423,1313.2,89
1733234427,1313.2,169
1733234431,1312.7,178
1733234435,1312.5,83
1733234438,1312.3,136
1733234442,1312.5,322
1733234446,1312.2,280
1733234450,1312.5,141
1733234454,1312.4,203
1733234458,1312.5,101
1733234461,1312.5,89
1733234465,1313,126
1733234469,1312.5,66
1733234472,1312.6,43
1733234476,1312.5,210
1733234480,1312.6,88
1733234484,1312.5,173
1733234488,1312.6,86
1733234491,1312.5,99
1733234495,1313,29
1733234499,1312.8,74
1733234503,1313.1,18
1733234507,1313,35
1733234511,1313.2,8
1733234514,1313,43
1733234518,1313.1,33
1733234522,1312.8,62
1733234526,1312.9,115
1733234530,1312.9,81
1733234534,1312.8,11
1733234538,1312.9,61
1733234542,1313,110
1733234546,1313,151
1733234550,1313,65
1733234554,1313.2,66
1733234558,1313.2,14
1733234562,1313.2,17
1733234566,1313.4,69
1733234570,1313.4,8
1733234573,1313.5,33
1733234577,1313.7,39
1733234581,1313.7,30
1733234585,1314,101
1733234589,1314,30
1733234593,1314.2,93
1733234596,1314.1,142
1733234600,1314.2,75
1733234604,1314.1,83
1733234608,1314,45
1733234611,1314,24
1733234615,1314,69
1733234619,1314,22
1733234623,1314,42
1733234627,1314,20
1733234631,1314,6
1733234635,1314.2,40
1733234638,1314.1,24
1733234642,1314,20
1733234646,1314,41
1733234650,1314,52
1733234654,1313.9,35
1733234658,1313.7,18
1733234661,1313.8,25
1733234665,1313.6,9
1733234669,1313.5,104
1733234673,1313.5,71
1733234677,1313.5,7
1733234681,1313.6,33
1733234684,1313.6,42
1733234688,1313.8,5
1733234692,1313.6,8
1733234696,1314,100
1733234700,1314,17
1733234704,1313.6,77
1733234707,1313.9,68
1733234711,1314,26
1733234715,1313.9,42
1733234719,1314,10
1733234723,1314.1,46
1733234726,1313.8,45
1733234730,1314,3
1733234734,1314.1,52
1733234738,1314,65
1733234742,1314,15
1733234746,1314.1,3
1733234749,1314,45
1733234753,1314.1,85
1733234757,1314,1
1733234761,1314.1,53
1733234765,1313.9,85
1733234769,1313.8,13
1733234773,1313.9,29
1733234777,1313.7,17
1733234781,1313.7,42
1733234785,1313.8,40
1733234789,1313.9,47
1733234793,1314,160
1733234797,1314.3,43
1733234801,1314.4,101
1733234805,1314.3,189
1733234808,1314.3,81
1733234812,1314.8,83
1733234816,1314.5,99
1733234820,1314.5,169
1733234824,1314.4,59
1733234828,1314,59
1733234832,1314.3,8
1733234836,1314.1,12
1733234841,1314.3,91
1733234845,1314.3,27
1733234849,1314.1,9
1733234853,1314.3,6
1733234857,1314.1,26
1733234860,1314.3,4
1733234864,1314.2,41
1733234868,1314.3,5
1733234872,1314.3,120
1733234876,1314.6,4
1733234880,1314.8,61
1733234884,1314.8,46
1733234888,1314.8,40
1733234892,1314.7,30
1733234896,1314.7,37
1733234900,1314.7,41
1733234904,1314.4,193
1733234908,1314.2,45
1733234912,1314.3,37
1733234916,1314.3,24
1733234920,1314.3,24
1733234924,1314.6,3
1733234928,1314.4,2
1733234935,1314.4,2
1733234939,1314.4,17
1733234943,1314.4,5
1733234947,1314.3,13
1733234951,1314.4,4
1733234955,1314.5,10
1733234959,1314.4,48
1733234963,1314.6,145
1733234967,1314.4,2
1733234971,1314.6,52
1733234975,1314.7,43
1733234979,1314.6,93
1733234983,1314.7,13
1733234987,1314.7,31
1733234991,1314.5,7
1733234995,1314.8,29
1733234998,1314.8,4
1733235003,1314.6,49
1733235006,1314.7,75
1733235010,1314.6,109
1733235014,1314.5,7
1733235018,1314.7,119
1733235022,1314.6,87
1733235026,1315.2,282
1733235030,1315.3,83
1733235034,1315.6,217
1733235038,1315.6,89
1733235041,1315.6,267
1733235045,1315.7,218
1733235049,1315.7,109
1733235053,1315.8,182
1733235057,1315.5,165
1733235061,1315.8,275
1733235065,1315.4,113
1733235069,1315.7,45
1733235073,1315.4,89
1733235077,1315.3,108
1733235081,1315.4,5
1733235085,1315.4,56
1733235089,1315.3,26
1733235093,1315.3,14
1733235096,1315.3,22
1733235100,1315.4,49
1733235104,1315.9,95
1733235109,1316,176
1733235113,1316.1,158
1733235117,1316.8,235
1733235121,1316.5,166
1733235125,1316.6,345
1733235129,1316.5,186
1733235133,1316.1,178
1733235137,1316.4,19
1733235141,1316.5,100
1733235145,1316.4,151
1733235149,1316.2,55
1733235153,1316.1,65
1733235157,1316.2,73
1733235161,1316.2,66
1733235165,1316.2,72
1733235169,1316.2,79
1733235173,1316,65
1733235177,1315.7,64
1733235181,1315.6,55
1733235186,1315.5,74
1733235189,1315.2,136
1733235193,1315.3,49
1733235197,1315.2,136
1733235201,1315.2,17
1733235205,1315.1,50
1733235209,1315.2,31
1733235213,1315.1,68
1733235217,1315.2,28
1733235222,1315,33
1733235226,1315,42
1733235230,1315.2,173
1733235234,1315,57
1733235238,1315.3,15
1733235242,1315,42
1733235245,1315.1,94
1733235249,1315.2,29
1733235253,1315.2,85
1733235257,1315.3,19
1733235261,1315.2,5
1733235265,1315.2,82
1733235269,1315.2,158
1733235275,1315.1,72
1733235279,1314.6,209
1733235283,1314.4,88
1733235287,1314.3,140
1733235291,1314.2,78
1733235295,1314.3,205
1733235299,1314.1,81
1733235303,1314.3,111
1733235307,1313.8,164
1733235311,1313.8,75
1733235315,1313.8,138
1733235320,1313.6,100
1733235324,1313.6,236
1733235328,1313.7,103
1733235332,1313.6,129
1733235336,1313.6,88
1733235340,1313.4,197
1733235344,1313.4,93
1733235348,1313.3,106
1733235352,1313.6,79
1733235356,1313.5,41
1733235361,1313.6,237
1733235365,1313.7,102
1733235369,1313.6,120
1733235373,1313.6,45
1733235377,1313.3,122
1733235381,1313.4,265
1733235385,1313,133
1733235389,1313.1,134
1733235393,1313,203
1733235397,1313.1,282
1733235401,1313.4,127
1733235406,1313.2,21
1733235410,1313.1,43
1733235414,1313.4,6
1733235418,1313.3,151
1733235422,1313.3,42
1733235426,1313.4,8
1733235430,1313.4,51
1733235434,1313.3,48
1733235438,1313.4,184
1733235443,1313.4,32
1733235447,1313.9,84
1733235452,1313.9,78
1733235456,1314.1,135
1733235460,1314.3,39
1733235464,1314.2,71
1733235468,1314.7,238
1733235472,1314.7,61
1733235477,1314.7,371
1733235481,1314.6,37
1733235485,1314.7,46
1733235489,1314.7,64
1733235493,1314.6,16
1733235501,1314.8,366
1733235506,1314.8,28
1733235510,1314.8,11
1733235514,1315.3,80
1733235522,1314.6,260
1733235526,1315.3,90
1733235530,1315.3,73
1733235535,1314.7,226
1733235539,1315.3,27
1733235543,1314.7,40
1733235547,1315,29
1733235552,1314.9,25
1733235556,1315.1,181
1733235560,1315,50
1733235564,1315,32
1733235569,1315,32
1733235573,1315.1,43
1733235578,1315.3,113
1733235583,1315.8,75
1733235587,1315.3,14
1733235591,1315.7,96
1733235596,1315.6,54
1733235600,1315.4,25
1733235604,1315.3,26
1733235608,1315,108
1733235612,1315.3,35
1733235617,1315,49
1733235622,1315,16
1733235626,1315.3,100
1733235631,1315.4,100
1733235636,1315.4,28
1733235640,1315.4,101
1733235644,1315.4,26
1733235648,1314.7,154
1733235652,1314.9,45
1733235656,1314.5,54
1733235661,1314.9,31
1733235665,1314.7,45
1733235670,1315.2,37
1733235674,1314.9,29
1733235678,1315.2,47
1733235682,1315.2,5
1733235686,1315.2,47
1733235690,1315.2,62
1733235694,1315.5,5
1733235699,1315.3,106
1733235703,1315.3,42
1733235707,1315.3,52
1733235711,1315.4,17
1733235716,1315.3,65
1733235720,1315.2,2
1733235724,1315.1,134
1733235728,1315,44
1733235732,1314.7,63
1733235736,1315,46
1733235741,1315,4
1733235745,1315.1,25
1733235749,1315.2,108
1733235754,1315.4,69
1733235758,1315.5,87
1733235762,1315.5,55
1733235766,1315.3,67
1733235771,1315.2,25
1733235775,1315,22
1733235779,1314.8,58
1733235783,1314.7,29
1733235787,1314.8,40
1733235791,1314.7,4
1733235796,1314.8,30
1733235800,1314.7,16
1733235805,1314.8,15
1733235809,1314.8,19
1733235813,1315.1,7
1733235817,1315,12
1733235822,1315,8
1733235826,1315.1,45
1733235830,1315,6
1733235834,1315,7
1733235838,1315,28
1733235842,1315.5,135
1733235846,1315.5,14
1733235851,1315.6,46
1733235855,1315.8,112
1733235859,1315.7,85
1733235863,1315.6,114
1733235867,1315.7,171
1733235871,1315.4,57
1733235875,1315.5,94
1733235879,1315.6,12
1733235884,1315.6,37
1733235888,1315.8,89
1733235892,1315.9,55
1733235896,1316,85
1733235901,1315.9,242
1733235905,1316.2,357
1733235909,1315.8,250
1733235913,1315.5,141
1733235918,1315.5,27
1733235922,1315.3,39
1733235926,1315.5,60
1733235930,1315,56
1733235934,1315,63
1733235938,1315,83
1733235943,1314.8,104
1733235947,1314.6,67
1733235951,1314.5,101
1733235955,1314.2,85
1733235959,1313.8,149
1733235963,1313.6,107
1733235968,1313.6,109
1733235972,1313.6,127
1733235976,1313.6,76
1733235980,1314,92
1733235984,1314,153
1733235989,1314.2,40
1733235993,1314.1,82
1733235997,1314.6,141
1733236002,1314.3,20
1733236006,1314.2,113
1733236010,1314.3,33
1733236015,1314.2,38
1733236020,1314.1,21
1733236024,1314.2,73
1733236028,1314,74
1733236032,1314.1,17
1733236037,1314,120
1733236041,1314,64
1733236046,1313.7,145
1733236050,1313.5,220
1733236054,1313.5,87
1733236059,1313.3,123
1733236063,1313.5,105
1733236068,1313.2,312
1733236072,1313.6,67
1733236076,1313.9,100
1733236080,1313.6,50
1733236084,1313.9,64
1733236089,1313.6,48
1733236093,1313.3,65
1733236097,1313.5,45
1733236101,1313.6,47
1733236106,1313.5,22
1733236110,1313.8,69
1733236115,1313.7,131
1733236119,1313.8,76
1733236124,1313.8,141
1733236128,1313.8,33
1733236133,1313.8,22
1733236137,1313.7,89
1733236142,1313.4,98
1733236146,1313.5,110
1733236150,1313.5,97
1733236155,1313.4,111
1733236159,1313.2,96
1733236163,1313.2,57
1733236167,1313.3,171
1733236171,1313.2,104
1733236176,1313.3,113
1733236180,1313.3,138
1733236185,1313.4,47
1733236189,1313.7,78
1733236194,1313.7,58
1733236198,1313.6,175
1733236202,1313.2,132
1733237101,1314,2
1733237106,1314,5107
